{
	"display": {
		"icon": {
			"item": "artisanworktables:mechanical_toolbox",
			"data": 0
		},
		"title": {
			"text": "Automatic Tool Storage"
		},
		"description": {
			"text": "Perhaps I could fashion a toolbox that replaces them for me, should they break during a craft?"
		},
		"x": -3,
		"y": 3
	},
	"parent": "cyborg:crafting/toolbox",
	"idea": {
		"amount": 3,
		"ingredients": [
			"#artisan",
			"artisanworktables:toolbox",
			{
				"type": "forge:ore_dict",
				"ore": "artisansHammer"
			},
			{
				"type": "forge:ore_dict",
				"ore": "artisansCutters"
			},
			{
				"type": "forge:ore_dict",
				"ore": "logWood"
			},
			{
				"type": "forge:ore_dict",
				"ore": "plankWood"
			},
			{
				"type": "forge:ore_dict",
				"ore": "ingotIron"
			},
			{
				"type": "forge:ore_dict",
				"ore": "dustRedstone"
			},
			{
				"type": "forge:ore_dict",
				"ore": "dustElectrotine"
			}
		]
	},
	"unlock": [
		"artisanworktables:mechanical_toolbox"
	]
}