{
	"display": {
		"icon": {
			"item": "furnaceoverhaul:diamond_furnace",
			"data": 0
		},
		"title": {
			"text": "Improved Cooking"
		},
		"description": {
			"text": "Infusing a furnace with gemstones is sure to make it faster."
		},
		"x": 3,
		"y": -1
	},
	"parent": "cyborg:crafting/better_smelting",
	"idea": {
		"amount": 3,
		"ingredients": [
			"#fuel",
			"furnaceoverhaul:gold_kit",
			"furnaceoverhaul:gold_furnace",
			{
				"type": "forge:ore_dict",
				"ore": "blockGlass"
			},
			{
				"type": "forge:ore_dict",
				"ore": "blockDiamond"
			},
			{
				"type": "forge:ore_dict",
				"ore": "blockEmerald"
			},
			{
				"type": "forge:ore_dict",
				"ore": "gemDiamond"
			},
			{
				"type": "forge:ore_dict",
				"ore": "gemEmerald"
			}
		]
	},
	"unlock": [
		"furnaceoverhaul:diamond_furnace",
		"furnaceoverhaul:emerald_furnace",
		"furnaceoverhaul:diamond_kit",
		"furnaceoverhaul:emerald_kit"
	]
}