{
	"display": {
		"icon": {
			"item": "furnaceoverhaul:electric_fuel_upgrade",
			"data": 0
		},
		"title": {
			"text": "Cooking Upgrades"
		},
		"description": {
			"text": "Now that I have better furnaces, why not make them even better?"
		},
		"x": 2,
		"y": -2
	},
	"parent": "cyborg:crafting/better_smelting",
	"idea": {
		"amount": 3,
		"ingredients": [
			"furnaceoverhaul:blank_kit",
			"minecraft:lava_bucket",
			"minecraft:glowstone",
			"minecraft:blaze_rod",
			"minecraft:blaze_powder",
			{
				"item": "ceramics:clay_bucket",
				"data": 0,
				"nbt": {"fluids": { "FluidName": "lava", "Amount": 1000}}
			},
			{
				"type": "forge:ore_dict",
				"ore": "ingotGold"
			},
			{
				"type": "forge:ore_dict",
				"ore": "ingotIron"
			},
			{
				"type": "forge:ore_dict",
				"ore": "dustElectrotine"
			},
			{
				"type": "forge:ore_dict",
				"ore": "dustRedstone"
			},
			{
				"type": "forge:ore_dict",
				"ore": "dustGlowstone"
			}
		]
	},
	"research": {
		"type": "ftgumod:match",
		"pattern": [
			"CSC",
			"SUS",
			"CSC"
		],
		"key": {
			"U": {
				"item": [
					"refinedstorage:upgrade",
					"solarflux:blank_upgrade",
					"teslacorelib:base_addon",
					"xnet:connector_upgrade",
					"furnaceoverhaul:blank_upgrade",
					"storagedrawers:upgrade_template",
					{
						"item": "industrialforegoing:conveyor",
						"data": 32767
					},
					{
						"item": "extrautils2:ingredients",
						"data": 9
					},
					{
						"type": "forge:ore_dict",
						"ore": "dustRedstone"
					},
					{
						"type": "forge:ore_dict",
						"ore": "gemQuartz"
					},
					{
						"type": "forge:ore_dict",
						"ore": "ingotIron"
					},
					{
						"type": "forge:ore_dict",
						"ore": "cobblestone"
					},
					{
						"type": "forge:ore_dict",
						"ore": "stone"
					}
				],
				"hint": {
					"text": "Upgrade Base"
				}
			},
			"C": {
				"item": [
					"#fuel",
					"#gear",
					"minecraft:blaze_rod",
					"minecraft:nether_star",
					"minecraft:blaze_powder",
					"minecraft:golden_pickaxe",
					"minecraft:sticky_piston",
					"minecraft:piston",
					"minecraft:paper",
					{
						"type": "forge:ore_dict",
						"ore": "ingotIron"
					},
					{
						"type": "forge:ore_dict",
						"ore": "ingotLead"
					},
					{
						"type": "forge:ore_dict",
						"ore": "blockRedstone"
					},
					{
						"type": "forge:ore_dict",
						"ore": "blockDiamond"
					},
					{
						"type": "forge:ore_dict",
						"ore": "gemDiamond"
					}
				],
				"hint": {
					"text": "Cornered Enhancement"
				}
			},
			"S": {
				"item": [
					"#fuel",
					"#gear",
					"solarflux:mirror",
					"minecraft:repeater",
					"minecraft:glowstone",
					"minecraft:ghast_tear",
					"minecraft:golden_pickaxe",
					"minecraft:ender_eye",
					"minecraft:furnace",
					"minecraft:sticky_piston",
					"minecraft:piston",
					"minecraft:paper",
					{
						"type": "forge:ore_dict",
						"ore": "ingotGold"
					},
					{
						"type": "forge:ore_dict",
						"ore": "blockRedstone"
					},
					{
						"type": "forge:ore_dict",
						"ore": "dustRedstone"
					},
					{
						"type": "forge:ore_dict",
						"ore": "blockElectrotine"
					},
					{
						"type": "forge:ore_dict",
						"ore": "dustElectrotine"
					},
					{
						"type": "forge:ore_dict",
						"ore": "dustGlowstone"
					},
					{
						"type": "forge:ore_dict",
						"ore": "gemDiamond"
					},
					{
						"type": "forge:ore_dict",
						"ore": "blockDiamond"
					},
					{
						"item": "thermaldynamics:duct_0",
						"data": 32767
					}
				],
				"hint": {
					"text": "Sideloaded Improvement"
				},
				"decipher": {
					"decipher": {
						"block": "minecraft:stone",
						"data": 0
					},
					"hint": "Stone is a decent reinforcement."
				}
			}
		}
	},
	"unlock": [
		"furnaceoverhaul:electric_fuel_upgrade",
		"furnaceoverhaul:ore_processing_upgrade",
		"furnaceoverhaul:processing_upgrade"
	]
}