{
	"display": {
		"icon": {
			"item": "artisanworktables:toolbox",
			"data": 0
		},
		"title": {
			"text": "Tool Storage"
		},
		"description": {
			"text": "If I wanted to, I could probably develop a specialized box to store tools in."
		},
		"x": -1,
		"y": 3
	},
	"parent": "cyborg:crafting/basic",
	"idea": {
		"amount": 2,
		"ingredients": [
			"#artisan",
			{
				"type": "forge:ore_dict",
				"ore": "artisansCutters"
			},
			{
				"type": "forge:ore_dict",
				"ore": "logWood"
			},
			{
				"type": "forge:ore_dict",
				"ore": "plankWood"
			},
			{
				"type": "forge:ore_dict",
				"ore": "chest"
			}
		]
	},
	"unlock": [
		"artisanworktables:toolbox"
	]
}