{
	"display": {
		"icon": {
			"item": "furnaceoverhaul:end_furnace",
			"data": 0
		},
		"title": {
			"text": "Ultimate Cooking"
		},
		"description": {
			"text": "Infusing a furnace with ender pearls is sure to make it the fastest a furnace can be."
		},
		"x": 4,
		"y": -1
	},
	"parent": "cyborg:crafting/improved_smelting",
	"idea": {
		"amount": 3,
		"ingredients": [
			"#fuel",
			"nhc:energypearl",
			"minecraft:ender_eye",
			"minecraft:ender_pearl",
			"extrautils2:endershard",
			"rftools:infused_enderpearl",
			"furnaceoverhaul:diamond_furnace",
			"furnaceoverhaul:emerald_furnace",
			"furnaceoverhaul:diamond_kit",
			"furnaceoverhaul:emerald_kit",
			{
				"type": "forge:ore_dict",
				"ore": "blockPearlEnder"
			}
		]
	},
	"research": {
		"type": "ftgumod:match",
		"pattern": [
			"EEE",
			"EFE",
			"EEE"
		],
		"key": {
			"E": {
				"item": [
					"nhc:energypearl",
					"minecraft:ender_eye",
					"minecraft:ender_pearl",
					"extrautils2:endershard",
					"rftools:infused_enderpearl",
					{
						"type": "forge:ore_dict",
						"ore": "blockPearlEnder"
					}
				],
				"hint": {
					"text": "Furnace Improvements"
				},
				"decipher": {
					"decipher": {
						"block": "additionalcompression:pearlender_compressed",
						"data": 0
					},
					"hint": "This could help control the power output."
				}
			},
			"F": {
				"item": [
					"minecraft:furnace",
					"byg:netherfurnace",
					"natura:netherrack_furnace",
					{
						"item": "extrautils2:machine",
						"data": 0,
						"nbt": {"Type": "extrautils2:furnace"}
					},
					"furnaceoverhaul:iron_furnace",
					"furnaceoverhaul:gold_furnace",
					"furnaceoverhaul:diamond_furnace",
					"furnaceoverhaul:emerald_furnace"
				],
				"hint": {
					"text": "Furnace Internals"
				},
				"decipher": {
					"decipher": {
						"block": "minecraft:furnace",
						"data": 32767
					},
					"hint": "Could be decent enough to serve as the basis..."
				}
			}
		}
	},
	"unlock": [
		"furnaceoverhaul:end_furnace",
		"furnaceoverhaul:end_kit"
	]
}