[
  {
    "name": "Common",
    "colour": "BLACK",
    "weights": [
      50,
      25,
      0,
      0,
      0
    ],
    "groups": [
      {
        "id": "f9184db6-3eb0-4273-847b-ae138aa585e2",
        "name": "Wood You Like This?",
        "limit": 0,
        "items": [
          {
            "id": "minecraft:crimson_stem",
            "Count": 4
          },
          {
            "id": "minecraft:warped_stem",
            "Count": 4
          }
        ]
      },
      {
        "id": "0ec09eab-9177-4707-9ba2-9acbef53d2ad",
        "name": "Fleshy Food",
        "limit": 0,
        "items": [
          {
            "id": "minecraft:rotten_flesh",
            "Count": 4,
            "tag": {
              "temperature": 0
            }
          }
        ]
      },
      {
        "id": "81324d56-5236-4c90-865d-57860c512b9b",
        "name": "Stony Rock",
        "limit": 0,
        "items": [
          {
            "id": "minecraft:blackstone",
            "Count": 8
          },
          {
            "id": "minecraft:basalt",
            "Count": 4
          }
        ]
      },
      {
        "id": "eb1fed20-5f79-406d-b913-9262c67364c9",
        "name": "A Rocky Alloy",
        "limit": 0,
        "items": [
          {
            "id": "create:andesite_alloy",
            "Count": 4
          }
        ]
      },
      {
        "id": "be32dedb-7ab5-4b4e-9ed6-6d8bfa089e20",
        "name": "Sticky...",
        "limit": 0,
        "items": [
          {
            "id": "minecraft:slime_ball",
            "Count": 1
          },
          {
            "id": "minecraft:stick",
            "Count": 6
          }
        ]
      }
    ]
  },
  {
    "name": "Uncommon",
    "colour": "GREEN",
    "weights": [
      25,
      23,
      10,
      0,
      0
    ],
    "groups": [
      {
        "id": "24b3af23-b540-4b79-94fc-bd79041f8573",
        "name": "Shiny Rock",
        "limit": 0,
        "items": [
          {
            "id": "minecraft:gilded_blackstone",
            "Count": 1
          }
        ]
      },
      {
        "id": "fee95dfc-6520-456e-9e49-149bb3d6f09e",
        "name": "Wrapped in Food",
        "limit": 0,
        "items": [
          {
            "id": "comfortable_nether:crimson_rotten_wrap",
            "Count": 4,
            "tag": {
              "temperature": 0
            }
          },
          {
            "id": "comfortable_nether:warped_rotten_wrap",
            "Count": 4,
            "tag": {
              "temperature": 0
            }
          }
        ]
      },
      {
        "id": "34687e49-7d81-4ea9-91e6-b4bbd3546d86",
        "name": "Shimmer...",
        "limit": 0,
        "items": [
          {
            "id": "minecraft:gold_nugget",
            "Count": 5
          }
        ]
      },
      {
        "id": "31d008ae-845b-4ca7-ad75-6bd48fa70d4f",
        "name": "An apple a day...",
        "limit": 10,
        "items": [
          {
            "id": "minecraft:golden_apple",
            "Count": 1
          }
        ]
      },
      {
        "id": "2969ded4-50a1-435f-9a7f-191fa3357bfd",
        "name": "Fuming with Fluid",
        "limit": 0,
        "items": [
          {
            "id": "comfortable_nether:fume_puffer_2",
            "Count": 2,
            "tag": {
              "temperature": 0
            }
          }
        ]
      },
      {
        "id": "d1955d8f-80e7-424a-b7f8-3ff27576e17e",
        "name": "Experienced",
        "limit": 0,
        "items": [
          {
            "id": "xpcoins:copper_coin",
            "Count": 3
          }
        ]
      },
      {
        "id": "09419951-8bbf-4d3f-86b0-59d72e17c69b",
        "name": "Shiny Stone",
        "limit": 0,
        "items": [
          {
            "id": "minecraft:gilded_blackstone",
            "Count": 1
          }
        ]
      }
    ]
  },
  {
    "name": "Rare",
    "colour": "CYAN",
    "weights": [
      5,
      10,
      15,
      0,
      0
    ],
    "groups": [
      {
        "id": "7f56eafd-3f71-4007-8754-60852adea941",
        "name": "Scrapping",
        "limit": 0,
        "items": [
          {
            "id": "minecraft:netherite_scrap",
            "Count": 2
          }
        ]
      },
      {
        "id": "d3122b57-868f-4ae7-aec1-0863a14ea164",
        "name": "Crafting",
        "limit": 1,
        "items": [
          {
            "id": "create:mechanical_crafter",
            "Count": 3
          }
        ]
      },
      {
        "id": "0042eb65-e872-4746-b586-f00a417c735d",
        "name": "...Shine...",
        "limit": 0,
        "items": [
          {
            "id": "minecraft:gold_ingot",
            "Count": 3
          }
        ]
      }
    ]
  },
  {
    "name": "Very Rare",
    "colour": "BLUE",
    "weights": [
      0,
      10,
      15,
      5,
      0
    ],
    "groups": [
      {
        "id": "6e3363e7-4c52-4a94-9b6f-b9ddd2bab7a9",
        "name": "...That gold is mine!",
        "limit": 0,
        "items": [
          {
            "id": "minecraft:gold_block",
            "Count": 1
          }
        ]
      },
      {
        "id": "26aa56c0-6330-485c-b3b6-f2c3dfe1ccaa",
        "name": "More Experienced",
        "limit": 5,
        "items": [
          {
            "id": "xpcoins:silver_coin",
            "Count": 1
          }
        ]
      }
    ]
  },
  {
    "name": "Epic",
    "colour": "RED",
    "weights": [
      0,
      0,
      15,
      20,
      25
    ],
    "groups": [
      {
        "id": "3892e252-30f5-47c7-bf0c-d80ed7eb8451",
        "name": "Really Experienced",
        "limit": 3,
        "items": [
          {
            "id": "xpcoins:golden_coin",
            "Count": 1
          }
        ]
      },
      {
        "id": "17df3753-e6ce-45d2-b15a-b8fc345af551",
        "name": "Ancient Debris",
        "limit": 0,
        "items": [
          {
            "id": "minecraft:ancient_debris",
            "Count": 1
          }
        ]
      }
    ]
  },
  {
    "name": "Legendary",
    "colour": "ORANGE",
    "weights": [
      0,
      0,
      10,
      15,
      20
    ],
    "groups": [
      {
        "id": "a340ff6b-5928-4117-88bd-a618eaa3589b",
        "name": "Super Experienced",
        "limit": 1,
        "items": [
          {
            "id": "xpcoins:platinum_coin",
            "Count": 1
          }
        ]
      },
      {
        "id": "ef42f8f1-42d8-4e84-aa92-abbab0f2b47b",
        "name": "...keeps death away",
        "limit": 5,
        "items": [
          {
            "id": "minecraft:enchanted_golden_apple",
            "Count": 1
          }
        ]
      },
      {
        "id": "07ed3cda-fe83-4147-881a-5181e16ab227",
        "name": "Netherite!",
        "limit": 5,
        "items": [
          {
            "id": "minecraft:netherite_ingot",
            "Count": 1
          }
        ]
      },
      {
        "id": "2b45cbd2-8690-4134-9d6c-59e2511d3413",
        "name": "Death Defiance",
        "limit": 3,
        "items": [
          {
            "id": "minecraft:totem_of_undying",
            "Count": 1
          }
        ]
      }
    ]
  },
  {
    "name": "Artifact",
    "colour": "PURPLE",
    "weights": [
      0,
      0,
      0,
      5,
      10
    ],
    "groups": [
      {
        "id": "f5fdbe34-dfda-45ed-bbb0-9e09f53d9cbe",
        "name": "Anti-Death Equation",
        "limit": 3,
        "items": [
          {
            "id": "minecraft:totem_of_undying",
            "Count": 1
          },
          {
            "id": "minecraft:enchanted_golden_apple",
            "Count": 1
          }
        ]
      },
      {
        "id": "94cb15e1-c33c-4f8e-8a9a-5416ed8b6275",
        "name": "Immortality?",
        "limit": 1,
        "items": [
          {
            "id": "minecraft:golden_apple",
            "Count": 16
          },
          {
            "id": "minecraft:enchanted_golden_apple",
            "Count": 8
          },
          {
            "id": "minecraft:totem_of_undying",
            "Count": 4
          }
        ]
      },
      {
        "id": "05dc5852-3d8e-42e8-84fb-6e7990665972",
        "name": "Discount Wings",
        "limit": 1,
        "items": [
          {
            "id": "minecraft:elytra",
            "Count": 1,
            "tag": {
              "Damage": 0
            }
          }
        ]
      }
    ]
  }
]