{
	"display": {
		"icon": {
				"item": "improvedbackpacks:backpack",
				"data": 0
		},
		"title": {
			"text": "Backpacks"
		},
		"description": {
			"text": "I bet I could improve upon the basic pouch and chests in order to make them portable."
		},
		"x": -2,
		"y": 0
	},
	"parent": "cyborg:survival/survival",
	"idea": {
		"amount": 2,
		"ingredients": [
				"minecraft:web",
				"minecraft:chest_minecart",
				"enderstorage:ender_storage",
				"enderstorage:ender_pouch",
				"extrautils2:minichest",
				"extrautils2:playerchest",
				"extrautils2:trashchest",
				"pouchofunknown:pouch",
				{
					"item": "alchemistry:compound",
					"data": 0
				},
				{
					"item": "alchemistry:compound",
					"data": 9
				},
				{
					"item": "natura:materials",
					"data": 6
				},
				{
					"item": "multistorage:stone_storage",
					"data": 1
				},
				{
					"item": "multistorage:stone_storage",
					"data": 2
				},
				{
					"item": "multistorage:stone_storage",
					"data": 3
				},
				{
					"item": "multistorage:stone_storage",
					"data": 4
				},
				{
					"item": "multistorage:stone_storage",
					"data": 5
				},
				{
					"item": "multistorage:stone_storage",
					"data": 6
				},
				{
					"item": "ironchest:iron_chest",
					"data": 7
				},
				{
					"type": "forge:ore_dict",
					"ore": "string"
				},
				{
					"type": "forge:ore_dict",
					"ore": "leather"
				},
				{
					"type": "forge:ore_dict",
					"ore": "chest"
				},
				{
					"type": "forge:ore_dict",
					"ore": "shulkerBox"
				}
		]
	},
	"research": {
		"type": "ftgumod:match",
		"pattern": [
			"LLL",
			"LCL",
			"LLL"
		],
		"key": {
			"L": {
				"item": [
					"minecraft:web",
					{
						"item": "alchemistry:compound",
						"data": 9
					},
					{
						"item": "natura:materials",
						"data": 6
					},
					{
						"item": "simplyjetpacks:metaitem",
						"data": 4
					},
					{
						"type": "forge:ore_dict",
						"ore": "string"
					},
					{
						"type": "forge:ore_dict",
						"ore": "leather"
					},
					{
						"type": "forge:ore_dict",
						"ore": "logWood"
					}
				],
				"hint": {
					"text": "Backpack Coating"
				}
			},
			"C": {
				"item": [
					"minecraft:chest_minecart",
					"enderstorage:ender_storage",
					"enderstorage:ender_pouch",
					"extrautils2:minichest",
					"extrautils2:playerchest",
					"extrautils2:trashchest",
					"pouchofunknown:pouch",
					{
						"item": "multistorage:stone_storage",
						"data": 1
					},
					{
						"item": "multistorage:stone_storage",
						"data": 2
					},
					{
						"item": "multistorage:stone_storage",
						"data": 3
					},
					{
						"item": "multistorage:stone_storage",
						"data": 4
					},
					{
						"item": "multistorage:stone_storage",
						"data": 5
					},
					{
						"item": "multistorage:stone_storage",
						"data": 6
					},
					{
						"item": "ironchest:iron_chest",
						"data": 7
					},
					{
						"type": "forge:ore_dict",
						"ore": "chest"
					},
					{
						"type": "forge:ore_dict",
						"ore": "shulkerBox"
					}
				],
				"hint": {
					"text": "Item Container"
				},
				"decipher": {
					"decipher": {
						"block": "minecraft:chest",
						"data": 32767
					},
					"hint": "Yeah, it stores items. Could make it portable if I wanted to."
				}
			}
		}
	},
	"unlock": [
		"improvedbackpacks:bound_leather",
		"improvedbackpacks:tanned_leather",
		"improvedbackpacks:blank_upgrade",
		{
			"item": "improvedbackpacks:upgrade",
			"data": 0
		},
		{
			"type": "forge:ore_dict",
			"ore": "backpack"
		},
		"improvedbackpacks:ender_backpack"
	]
}