{
	"display": {
		"icon": {
			"item": "minecraft:cooked_beef"
		},
		"title": {
			"text": "Basic Cooking Recipes"
		},
		"description": {
			"text": "I'll need a way to cook some basic meals before I can do much else. I should start by analyzing the various compounds of anything nearby that seems edible, or could be used to make food."
		},
		"x": 0,
		"y": 2
	},
	"parent": "cyborg:survival/survival",
	"idea": {
		"amount": 2,
		"ingredients": [
			"#fuel",
			"#cooking",
			"byg:woodenmortar",
			{
				"type": "forge:ore_dict",
				"ore": "listAllseed"
			},
			{
				"type": "forge:ore_dict",
				"ore": "listAllgrain"
			},
			{
				"type": "forge:ore_dict",
				"ore": "listAllfruit"
			},
			{
				"type": "forge:ore_dict",
				"ore": "artisansPan"
			},
			{
				"type": "forge:ore_dict",
				"ore": "artisansKnife"
			},
			{
				"type": "forge:ore_dict",
				"ore": "artisansCuttingBoard"
			}
		]
	},
	"unlock": [
		{
            "type": "gamestages:stage",
            "stage": "basic_cooking",
            "message": "Updating recipe archives.... update complete."
        }
	]
}