{
	"display": {
		"icon": {
			"item": "minecraft:cooked_beef"
		},
		"title": {
			"text": "Basic Cooking Recipes"
		},
		"description": {
			"text": "I'll need a way to cook some basic meals before I can do much else. I should start by analyzing the various compounds of anything nearby that seems edible, or could be used to make food."
		},
		"x": 0,
		"y": 2
	},
	"parent": "cyborg:survival/survival",
	"idea": {
		"amount": 2,
		"ingredients": [
			"#fuel",
			"minecraft:melon",
			"minecraft:melon_block",
			"minecraft:pumpkin",
			"minecraft:spider_eye",
			"minecraft:rotten_flesh",
			"minecraft:red_mushroom",
			"minecraft:brown_mushroom",
			"alchemistry:mineral_salt",
			"byg:woodenmortar",
			"byg:pumpkinbread",
			"byg:cookedpumpkinseeds",
			"xlfoodmod:vanilla_flower",
			"xlfoodmod:lettuce",
			"xlfoodmod:cheese",
			"xlfoodmod:flesh",
			"xlfoodmod:salt",
			{
				"type": "forge:ore_dict",
				"ore": "listAllmeatraw"
			},
			{
				"type": "forge:ore_dict",
				"ore": "listAllvegetable"
			},
			{
				"type": "forge:ore_dict",
				"ore": "listAllfruit"
			},
			{
				"type": "forge:ore_dict",
				"ore": "listAllseed"
			},
			{
				"type": "forge:ore_dict",
				"ore": "artisansPan"
			},
			{
				"type": "forge:ore_dict",
				"ore": "artisansCuttingBoard"
			},
			{
				"type": "forge:ore_dict",
				"ore": "artisansBurner"
			},
			{
				"type": "forge:ore_dict",
				"ore": "artisansBeaker"
			},
			{
				"type": "forge:ore_dict",
				"ore": "artisansKnife"
			}
		]
	},
	"unlock": [
		{
            "type": "gamestages:stage",
            "stage": "cooking",
            "message": "Updating recipe archives....update complete."
        }
	]
}