{
	"display": {
		"icon": {
				"item": "xlfoodmod:super_energy_drink"
		},
		"title": {
			"text": "Drinks"
		},
		"description": {
			"text": "Infusing special effects into an easily consumed form should prove most beneficial. But what to put it in...?"
		},
		"x": -2,
		"y": 2
	},
	"parent": "cyborg:survival/basic_cooking",
	"idea": {
		"amount": 1,
		"ingredients": [
			"minecraft:bowl",
			"xlfoodmod:bowl",
			"xlfoodmod:pie_shell",
			"xlfoodmod:paper_cup",
			"xlfoodmod:coffee_cup",
			"xlfoodmod:empty_can",
			"fuelcanister:fuel_canister",
			"fuelcanister:empty_fuel_canister",
			{
				"item": "wrcbe:material",
				"data": 1
			},
			{
				"item": "natura:empty_bowls",
				"data": 32767
			},
			{
				"type": "forge:ore_dict",
				"ore": "blockAluminum"
			},
			{
				"type": "forge:ore_dict",
				"ore": "ingotAluminum"
			},
			{
				"type": "forge:ore_dict",
				"ore": "nuggetAluminum"
			}
		]
	},
	"unlock": [
		"xlfoodmod:coffee",
		"xlfoodmod:cappuccino",
		"xlfoodmod:speedy_energy_drink",
		"xlfoodmod:stealthy_energy_drink",
		"xlfoodmod:healthy_energy_drink",
		"xlfoodmod:strong_energy_drink",
		"xlfoodmod:super_energy_drink",
		"rewired:energydrink"
	]
}