{
	"display": {
		"icon": {
				"item": "scannable:scanner"
		},
		"title": {
			"text": "Scanning"
		},
		"description": {
			"text": "Being able to scan nearby terrain for various resources would be an extremely helpful perk."
		},
		"x": 2,
		"y": 0
	},
	"parent": "cyborg:survival/survival",
	"idea": {
		"amount": 3,
		"ingredients": [
			"#tech",
			"#redstone",
			"extrautils2:scanner",
			"contenttweaker:melon_circuit",
			{
				"item": "appliedenergistics2:part",
				"data": 16
			},
			{
				"item": "appliedenergistics2:part",
				"data": 56
			},
			{
				"item": "appliedenergistics2:part",
				"data": 76
			},
			{
				"item": "projectred-core:resource_item",
				"data": 2
			},
			{
				"item": "projectred-core:resource_item",
				"data": 104
			},
			{
				"item": "projectred-core:resource_item",
				"data": 105
			},
			{
				"item": "projectred-core:resource_item",
				"data": 252
			},
			{
				"item": "projectred-core:resource_item",
				"data": 312
			},
			{
				"item": "projectred-core:resource_item",
				"data": 342
			},
			{
				"item": "projectred-transmission:wire",
				"data": 34
			},
			{
				"item": "projectred-transmission:framed_wire",
				"data": 34
			},
			{
				"item": "projectred-transmission:framed_wire",
				"data": 17
			},
			{
				"item": "xnet:netcable",
				"data": 32767
			},
			{
				"type": "forge:ore_dict",
				"ore": "projredInsulatedWire"
			},
			{
				"type": "forge:ore_dict",
				"ore": "projredInsFramedWire"
			},
			{
				"type": "forge:ore_dict",
				"ore": "projredBundledCable"
			},
			{
				"type": "forge:ore_dict",
				"ore": "circuitBasic"
			},
			{
				"type": "forge:ore_dict",
				"ore": "circuitAdvanced"
			},
			{
				"type": "forge:ore_dict",
				"ore": "circuitElite"
			}
		]
	},
	"research": {
		"type": "ftgumod:match",
		"pattern": [
			" C ",
			"ETE",
			"ETE"
		],
		"key": {
			"C": {
				"item": [
					"contenttweaker:melon_circuit",
					{
					"item": "cyberware:component",
					"data": 3
					},
					{
					"item": "projectred-core:resource_item",
					"data": 0
					},
					{
					"item": "projectred-core:resource_item",
					"data": 10
					},
					{
					"item": "projectred-core:resource_item",
					"data": 11
					},
					{
					"item": "projectred-core:resource_item",
					"data": 20
					},
					{
					"item": "projectred-core:resource_item",
					"data": 21
					},
					{
						"type": "forge:ore_dict",
						"ore": "circuitBasic"
					},
					{
						"type": "forge:ore_dict",
						"ore": "circuitAdvanced"
					},
					{
						"type": "forge:ore_dict",
						"ore": "circuitElite"
					}
				],
				"hint": {
					"text": "Circuitry"
				}
			},
			"E": {
				"item": [
					{
						"type": "forge:ore_dict",
						"ore": "crystalRedstone"
					},
					{
						"type": "forge:ore_dict",
						"ore": "dustRedstone"
					},
					{
						"type": "forge:ore_dict",
						"ore": "blockRedstone"
					},
					{
						"type": "forge:ore_dict",
						"ore": "oreRedstone"
					},
					{
						"type": "forge:ore_dict",
						"ore": "dustElectrotine"
					},
					{
						"type": "forge:ore_dict",
						"ore": "blockElectrotine"
					},
					{
						"type": "forge:ore_dict",
						"ore": "oreElectrotine"
					},
					{
					"item": "projectred-core:resource_item",
					"data": 103
					},
					{
					"item": "projectred-core:resource_item",
					"data": 104
					},
					{
					"item": "projectred-core:resource_item",
					"data": 251
					},
					{
					"item": "projectred-core:resource_item",
					"data": 252
					},
					{
					"item": "appliedenergistics2:part",
					"data": 16
					},
					{
					"item": "xnet:netcable",
					"data": 32767
					},
					{
					"item": "projectred-core:resource_item",
					"data": 2
					},
					{
					"item": "projectred-transmission:framed_wire",
					"data": 17
					},
					{
						"type": "forge:ore_dict",
						"ore": "projredInsulatedWire"
					},
					{
						"type": "forge:ore_dict",
						"ore": "projredInsFramedWire"
					},
					{
						"type": "forge:ore_dict",
						"ore": "projredBundledCable"
					}
				],
				"hint": {
					"text": "Electrical Conductors"
				},
				"decipher": {
					"decipher": {
						"block": "minecraft:gold_block",
						"data": 0
					},
					"hint": "This could make some foods more powerful..."
				}
			},
			"T": {
				"item": [
					"contenttweaker:ring",
					{
						"type": "forge:ore_dict",
						"ore": "dustIron"
					},
					{
						"type": "forge:ore_dict",
						"ore": "plateIron"
					},
					{
						"type": "forge:ore_dict",
						"ore": "nuggetIron"
					},
					{
						"type": "forge:ore_dict",
						"ore": "ingotIron"
					},
					{
						"type": "forge:ore_dict",
						"ore": "blockIron"
					},
					{
						"type": "forge:ore_dict",
						"ore": "oreIron"
					},
					{
						"type": "forge:ore_dict",
						"ore": "dustTin"
					},
					{
						"type": "forge:ore_dict",
						"ore": "plateTin"
					},
					{
						"type": "forge:ore_dict",
						"ore": "nuggetTin"
					},
					{
						"type": "forge:ore_dict",
						"ore": "ingotTin"
					},
					{
						"type": "forge:ore_dict",
						"ore": "blockTin"
					},
					{
						"type": "forge:ore_dict",
						"ore": "oreTin"
					}
				],
				"hint": {
					"text": "Technologic Base"
				},
				"decipher": {
					"decipher": {
						"block": "thermalfoundation:storage",
						"data": 1
					},
					"hint": "Could work as a base to attach electronics to."
				}
			}
		}
	},
	"unlock": [
		"scannable:scanner",
		"scannable:module_blank",
		"scannable:module_range",
		"scannable:module_animal",
		"scannable:module_monster",
		"scannable:module_ore_common",
		"scannable:module_ore_rare",
		"scannable:module_block",
		"scannable:module_structure",
		"scannable:module_fluid",
		"scannable:module_entity"
	]
}