{
	"display": {
		"icon": {
				"item": "scannable:scanner"
		},
		"title": {
			"text": "Scanning"
		},
		"description": {
			"text": "Engineering a way to scan nearby terrain for various resources would be extremely helpful."
		},
		"x": 2,
		"y": 0
	},
	"parent": "cyborg:survival/survival",
	"idea": {
		"amount": 3,
		"ingredients": [
			"#tech",
			"#circuit",
			"#redstone",
			"#electrotine",
			"contenttweaker:melon_circuit",
			"cyberware:scanner",
			"extrautils2:scanner",
			"rftools:scanner",
			"rftools:remote_scanner",
			"rftools:storage_scanner",
			{
				"item": "projectred-core:resource_item",
				"data": 2
			},
			{
				"item": "projectred-transmission:wire",
				"data": 34
			},
			{
				"item": "projectred-transmission:framed_wire",
				"data": 34
			},
			{
				"item": "projectred-transmission:framed_wire",
				"data": 17
			},
			{
				"item": "xnet:netcable",
				"data": 32767
			},
			{
				"type": "forge:ore_dict",
				"ore": "projredInsulatedWire"
			},
			{
				"type": "forge:ore_dict",
				"ore": "projredInsFramedWire"
			},
			{
				"type": "forge:ore_dict",
				"ore": "projredBundledCable"
			},
			{
				"type": "forge:ore_dict",
				"ore": "oreTin"
			},
			{
				"type": "forge:ore_dict",
				"ore": "blockTin"
			},
			{
				"type": "forge:ore_dict",
				"ore": "ingotTin"
			},
			{
				"type": "forge:ore_dict",
				"ore": "nuggetTin"
			}
		]
	},
	"research": {
		"type": "ftgumod:match",
		"pattern": [
			" C ",
			"ETE",
			"ETE"
		],
		"key": {
			"C": {
				"item": [
					"#electrotine",
					"contenttweaker:melon_circuit",
					{
					"item": "cyberware:component",
					"data": 3
					},
					{
					"item": "projectred-core:resource_item",
					"data": 0
					},
					{
					"item": "projectred-core:resource_item",
					"data": 10
					},
					{
					"item": "projectred-core:resource_item",
					"data": 11
					},
					{
					"item": "projectred-core:resource_item",
					"data": 20
					},
					{
					"item": "projectred-core:resource_item",
					"data": 21
					},
					{
						"type": "forge:ore_dict",
						"ore": "circuitBasic"
					},
					{
						"type": "forge:ore_dict",
						"ore": "circuitAdvanced"
					},
					{
						"type": "forge:ore_dict",
						"ore": "circuitElite"
					}
				],
				"hint": {
					"text": "Circuitry"
				}
			},
			"E": {
				"item": [
					"#gold",
					"#redstone",
					"#electrotine",
					{
					"item": "projectred-core:resource_item",
					"data": 2
					},
					{
					"item": "projectred-transmission:framed_wire",
					"data": 17
					},
					{
					"item": "xnet:netcable",
					"data": 32767
					},
					{
						"type": "forge:ore_dict",
						"ore": "projredInsulatedWire"
					},
					{
						"type": "forge:ore_dict",
						"ore": "projredInsFramedWire"
					},
					{
						"type": "forge:ore_dict",
						"ore": "projredBundledCable"
					}
				],
				"hint": {
					"text": "Electrical Conductors"
				},
				"decipher": {
					"decipher": {
						"block": "minecraft:gold_block",
						"data": 32767
					},
					"hint": "Gold is an excellent conductor."
				}
			},
			"T": {
				"item": [
					"#iron",
					{
						"type": "forge:ore_dict",
						"ore": "oreTin"
					},
					{
						"type": "forge:ore_dict",
						"ore": "blockTin"
					},
					{
						"type": "forge:ore_dict",
						"ore": "ingotTin"
					},
					{
						"type": "forge:ore_dict",
						"ore": "nuggetTin"
					},
					{
						"type": "forge:ore_dict",
						"ore": "dustTin"
					},
					{
						"type": "forge:ore_dict",
						"ore": "plateTin"
					},
					{
						"type": "forge:ore_dict",
						"ore": "gearTin"
					}
				],
				"hint": {
					"text": "Metallic Basepoint"
				},
				"decipher": {
					"decipher": {
						"block": "thermalfoundation:storage",
						"data": 32767
					},
					"hint": "Could work as a base to attach electronics to."
				}
			}
		}
	},
	"unlock": [
		"scannable:scanner",
		"scannable:module_blank",
		"scannable:module_range",
		"scannable:module_animal",
		"scannable:module_monster",
		"scannable:module_ore_common",
		"scannable:module_ore_rare",
		"scannable:module_block",
		"scannable:module_structure",
		"scannable:module_fluid",
		"scannable:module_entity"
	]
}