{
	"display": {
		"icon": {
				"item": "minecraft:golden_apple",
				"data": 0
		},
		"title": {
			"text": "Special Cooking"
		},
		"description": {
			"text": "If I wanted to, I could probably make some types of food that improved my chances of survival. Maybe using something valuable?"
		},
		"x": -2,
		"y": 4
	},
	"parent": "cyborg:survival/advanced_cooking",
	"idea": {
		"amount": 2,
		"ingredients": [
			"#gold",
			"#cooking",
			"minecraft:sugar",
			"xlfoodmod:pie_shell",
			{
				"type": "forge:ore_dict",
				"ore": "advPie"
			},
			{
				"type": "forge:ore_dict",
				"ore": "artisansKnife"
			},
			{
				"type": "ftgumod:fluid",
				"fluid": "milk"
			}
		]
	},
	"research": {
		"type": "ftgumod:match",
		"pattern": [
			"GGG",
			"GAG",
			"GGG"
		],
		"key": {
		   "G": {
				"item": [
					"#gold",
					"minecraft:sugar",
					"minecraft:blaze_rod",
					"minecraft:blaze_powder"
				],
				"hint": {
					"text": "Special Coating"
				},
				"decipher": {
					"decipher": {
						"block": "minecraft:gold_block",
						"data": 32767
					},
					"hint": "This could make some foods more powerful..."
				}
			},
			"A": {
				"item": [
					"minecraft:sugar",
					"minecraft:apple",
					"minecraft:carrot",
					"minecraft:melon",
					"minecraft:beetroot",
					"minecraft:blaze_rod",
					"minecraft:blaze_powder",
					"xlfoodmod:pie_shell",
					{
					"item": "minecraft:golden_apple",
					"data": 0
					},
					{
					"item": "minecraft:golden_apple",
					"data": 1
					}
				],
				"hint": {
					"text": "Base Food"
				}
			}
		}
	},
	"unlock": [
		"xlfoodmod:nether_cake",
		"xlfoodmod:golden_apple_pie",
		"minecraft:golden_apple",
		"minecraft:golden_carrot",
		"byg:goldenbeetroot"
	]
}