{
  "key": {
    "id": "toilaries",
    "category": "world"
  },
  "content": {
    "title": "Toilaries",
    "body": "The culmination of our efforts on this planet is rewarded with Toilaries.\nOriginally minted as Credits, they were renamed after a vote was taken to decide upon a better term so visitors wouldn't confuse them with the standard Galactic Credit (often referred to as \"Credits.\"\nThis rebrand was initially rejected by the older populace, but over time they begrudingly accepted it - though many still preferred the old coin-style credit repositories of days long past.\nAfter appealing to the Currency Council, they allowed conversion of Toilaries to Galactic Credits at a 1:1 ratio."
  },
  "sortingIndex": 1,
  "requirements": [],
  "autoAdd": false,
  "defaultLore": false
}