{
	"display": {
		"icon": {
			"item": "furnaceoverhaul:gold_furnace",
			"data": 0
		},
		"title": {
			"text": "Better Cooking"
		},
		"description": {
			"text": "I have a basic furnace to cook with, but I know I could improve it if I just had the proper materials..."
		},
		"x": 2,
		"y": -1
	},
	"parent": "cyborg:crafting/smelting",
	"idea": {
		"amount": 2,
		"ingredients": [
			"#fuel",
			"furnaceoverhaul:iron_kit",
			"furnaceoverhaul:iron_furnace",
			{
				"type": "forge:ore_dict",
				"ore": "blockGlass"
			},
			{
				"type": "forge:ore_dict",
				"ore": "blockGold"
			},
			{
				"type": "forge:ore_dict",
				"ore": "ingotGold"
			}
		]
	},
	"unlock": [
		"furnaceoverhaul:gold_furnace",
		"furnaceoverhaul:blank_upgrade",
		"furnaceoverhaul:gold_kit"
	]
}