{
	"display": {
		"icon": {
			"item": "artisanworktables:worktable",
			"data": 11
		},
		"title": {
			"text": "Fine Cuisine"
		},
		"description": {
			"text": "Food requires a place to prepare it. It's got to be sterile too, I don't want to get poisoned."
		},
		"x": 2,
		"y": 0
	},
	"parent": "cyborg:crafting/masonry",
	"idea": {
		"amount": 2,
		"ingredients": [
			"#wood",
			"#artisan",
			"minecraft:furnace",
			"furnaceoverhaul:iron_furnace",
			"fuelcanister:empty_fuel_canister",
			"furnaceoverhaul:iron_kit",
			"minecraft:magma",
			"minecraft:lava_bucket",
			"minecraft:magma_cream",
			{
				"item": "ceramics:clay_bucket",
				"data": 0,
				"nbt": {"fluids": { "FluidName": "lava", "Amount": 1000}}
			},
			{
				"item": "minecraft:stone_slab",
				"data": 32767
			},
			{
				"item": "ceramics:clay_slab",
				"data": 5
			},
			{
				"item": "ceramics:clay_hard",
				"data": 5
			},
			{
				"item": "chisel:lavastone",
				"data": 32767
			},
			{
				"item": "chisel:lavastone1",
				"data": 32767
			},
			{
				"item": "chisel:lavastone2",
				"data": 32767
			},
			{
				"item": "chisel:netherbrick",
				"data": 5
			},
			{
				"item": "chisel:netherbrick",
				"data": 6
			},
			{
				"item": "chisel:netherbrick",
				"data": 7
			},
			{
				"item": "chisel:netherbrick",
				"data": 8
			},
			{
				"type": "forge:ore_dict",
				"ore": "artisansFile"
			},
			{
				"type": "forge:ore_dict",
				"ore": "artisansCutters"
			},
			{
				"item": "artisanworktables:worktable",
				"data": 5
			},
			{
				"item": "artisanworktables:workstation",
				"data": 5
			},
			{
				"type": "forge:ore_dict",
				"ore": "blockSteel"
			},
			{
				"type": "forge:ore_dict",
				"ore": "blockIron"
			},
			{
				"type": "forge:ore_dict",
				"ore": "logWood"
			},
			{
				"type": "forge:ore_dict",
				"ore": "stickWood"
			}
		]
	},
	"unlock": [
		{
			"item": "artisanworktables:worktable",
			"data": 11
		},
		{
			"item": "artisanworktables:workstation",
			"data": 11
		},
		{
			"type": "forge:ore_dict",
			"ore": "artisansCuttingBoard"
		},
		{
			"type": "forge:ore_dict",
			"ore": "artisansPan"
		},
		{
			"type": "forge:ore_dict",
			"ore": "artisansKnife"
		}
	]
}