{
	"display": {
		"icon": {
			"item": "artisanworktables:worktable",
			"data": 6
		},
		"title": {
			"text": "Engineering"
		},
		"description": {
			"text": "I'm going to need to specialize my crafting areas, otherwise I can't do much. But firstly, something to craft them on (and with)."
		},
		"x": -2,
		"y": 0
	},
	"parent": "cyborg:crafting/smithing",
	"idea": {
		"amount": 3,
		"ingredients": [
			"#book",
			"#artisan",
			"minecraft:paper",
			{
				"type": "forge:ore_dict",
				"ore": "artisansHammer"
			},
			{
				"type": "forge:ore_dict",
				"ore": "artisansCutters"
			},
			{
				"item": "artisanworktables:worktable",
				"data": 3
			},
			{
				"item": "artisanworktables:workstation",
				"data": 3
			},
			{
				"type": "forge:ore_dict",
				"ore": "logWood"
			},
			{
				"type": "forge:ore_dict",
				"ore": "obsidian"
			},
			{
				"type": "forge:ore_dict",
				"ore": "blockIron"
			},
			{
				"type": "forge:ore_dict",
				"ore": "ingotIron"
			}
		]
	},
	"research": {
		"type": "ftgumod:match",
		"pattern": [
			"III",
			"WTW",
			"S S"
		],
		"key": {
			"I": {
				"item": [
					{
						"type": "forge:ore_dict",
						"ore": "blockIron"
					},
					{
						"type": "forge:ore_dict",
						"ore": "ingotIron"
					},
					{
						"type": "forge:ore_dict",
						"ore": "blockSteel"
					},
					{
						"type": "forge:ore_dict",
						"ore": "ingotSteel"
					}
				],
				"hint": {
					"text": "Table Surface"
				},
				"decipher": {
					"decipher": {
						"block": "minecraft:iron_block",
						"data": 0
					},
					"hint": "Iron is quite surdy... would be a good surface to hammer and solder things on."
				}
			},
			"W": {
				"item": [
					{
						"type": "forge:ore_dict",
						"ore": "logWood"
					},
					{
						"type": "forge:ore_dict",
						"ore": "plankWood"
					}
				],
				"hint": {
					"text": "Basic Supports"
				},
				"decipher": {
					"decipher": {
						"block": "minecraft:log",
						"data": 32767
					},
					"hint": "Wood is an okay reinforcement, at times."
				}
			},
			"S": {
				"item": [
					{
						"type": "forge:ore_dict",
						"ore": "blockSteel"
					},
					{
						"type": "forge:ore_dict",
						"ore": "blockIron"
					},
					{
						"type": "forge:ore_dict",
						"ore": "cobblestone"
					},
					{
						"type": "forge:ore_dict",
						"ore": "stone"
					},
					{
						"type": "forge:ore_dict",
						"ore": "bricksStone"
					}
				],
				"hint": {
					"text": "Sturdy Supports"
				},
				"decipher": {
					"decipher": {
						"block": "minecraft:stone",
						"data": 0
					},
					"hint": "Stone can support a decent amount."
				}
			},
			"T": {
				"item": [
					{
						"item": "artisanworktables:worktable",
						"data": 3
					},
					{
						"item": "artisanworktables:workstation",
						"data": 3
					},
					{
						"item": "artisanworktables:worktable",
						"data": 5
					},
					{
						"item": "artisanworktables:workstation",
						"data": 5
					},
					{
						"item": "artisanworktables:worktable",
						"data": 12
					},
					{
						"item": "artisanworktables:workstation",
						"data": 12
					},
					{
						"item": "artisanworktables:workshop",
						"data": 12
					},
					"openblocks:drawing_table",
					"sct:stone_crafting_table"
				],
				"hint": {
					"text": "Table Base"
				}
			}
		}
	},
	"unlock": [
		{
			"item": "artisanworktables:worktable",
			"data": 6
		},
		{
			"item": "artisanworktables:workstation",
			"data": 6
		},
		{
			"item": "artisanworktables:workshop",
			"data": 6
		},
		{
			"type": "forge:ore_dict",
			"ore": "artisansPliers"
		},
		{
			"type": "forge:ore_dict",
			"ore": "artisansSolderer"
		},
		{
			"type": "forge:ore_dict",
			"ore": "artisansSpanner"
		}
	]
}