{
	"display": {
		"icon": {
			"item": "artisanworktables:worktable",
			"data": 9
		},
		"title": {
			"text": "Science-ing"
		},
		"description": {
			"text": "In order to study more advanced things properly, I'll need a highly specialized table."
		},
		"x": -1,
		"y": -1
	},
	"parent": "cyborg:crafting/engineering",
	"idea": {
		"amount": 3,
		"ingredients": [
			"#artisan",
			"minecraft:nether_brick",
			"minecraft:nether_brick_fence",
			{
				"type": "forge:ore_dict",
				"ore": "ingotSteel"
			},
			{
				"type": "forge:ore_dict",
				"ore": "ingotIron"
			},
			{
				"type": "forge:ore_dict",
				"ore": "artisansHammer"
			},
			{
				"type": "forge:ore_dict",
				"ore": "artisansSpanner"
			},
			{
				"item": "artisanworktables:worktable",
				"data": 5
			},
			{
				"item": "artisanworktables:workstation",
				"data": 5
			}
		]
	},
	"research": {
		"type": "ftgumod:match",
		"pattern": [
			"SSS",
			"NTN",
			"NFN"
		],
		"key": {
			"S": {
				"item": [
					{
						"type": "forge:ore_dict",
						"ore": "blockIron"
					},
					{
						"type": "forge:ore_dict",
						"ore": "ingotIron"
					},
					{
						"type": "forge:ore_dict",
						"ore": "blockSteel"
					},
					{
						"type": "forge:ore_dict",
						"ore": "ingotSteel"
					},
					{
						"type": "forge:ore_dict",
						"ore": "ingotObsidian"
					},
					{
						"type": "forge:ore_dict",
						"ore": "ingotMithril"
					}
				],
				"hint": {
					"text": "Resistant Table Surface"
				},
				"decipher": {
					"decipher": {
						"block": "minecraft:iron_block",
						"data": 0
					},
					"hint": "Iron is quite surdy... would be a decent surface to burn and spill things on."
				}
			},
			"T": {
				"item": [
					{
						"item": "artisanworktables:worktable",
						"data": 5
					},
					{
						"item": "artisanworktables:workstation",
						"data": 5
					},
					{
						"type": "forge:ore_dict",
						"ore": "craftingTableWood"
					},
					"sct:stone_crafting_table"
				],
				"hint": {
					"text": "Table Base"
				}
			},
			"N": {
				"item": [
					"#terracotta",
					"minecraft:brick",
					"minecraft:brick_block",
					"minecraft:netherbrick",
					"minecraft:nether_brick",
					"minecraft:nether_brick_fence",
					{
						"type": "forge:ore_dict",
						"ore": "bricksStone"
					},
					{
						"item": "chisel:bricks",
						"data": 32767
					},
					{
						"item": "chisel:bricks1",
						"data": 32767
					},
					{
						"item": "chisel:bricks2",
						"data": 32767
					}
				],
				"hint": {
					"text": "Very Sturdy Support"
				},
				"decipher": {
					"decipher": {
						"block": "minecraft:brick_block",
						"data": 0
					},
					"hint": "Bricks are quite strong, though I'm sure there are stronger things (if needed...)"
				}
			},
			"F": {
				"item": [
					"minecraft:bucket",
					"ceramics:clay_barrel",
					"ceramics:clay_bucket",
					"ceramics:clay_barrel_unfired",
					"industrialforegoing:black_hole_tank",
					"thermalexpansion:tank",
					"openblocks:tank",
					{
						"item": "ceramics:unfired_clay",
						"data": 0
					},
					{
						"item": "enderstorage:ender_storage",
						"data": 1
					}
				],
				"hint": {
					"text": "Fluid Storage"
				}
			}
		}
	},
	"unlock": [
		{
			"item": "artisanworktables:worktable",
			"data": 9
		},
		{
			"item": "artisanworktables:workstation",
			"data": 9
		},
		{
			"type": "forge:ore_dict",
			"ore": "artisansBeaker"
		},
		{
			"type": "forge:ore_dict",
			"ore": "artisansBurner"
		}
	]
}