{
	"display": {
		"icon": {
			"item": "xlfoodmod:pumpkin_stew"
		},
		"title": {
			"text": "Advanced Cooking Recipes"
		},
		"description": {
			"text": "I need to look into making more advanced foods. Like some kind of liquidy bowl of various ingredients? Soup, I think it was called?"
		},
		"x": 0,
		"y": 4
	},
	"parent": "cyborg:survival/basic_cooking",
	"idea": {
		"amount": 2,
		"ingredients": [
			"#cooking",
			"minecraft:bowl",
			{
				"type": "ftgumod:fluid",
				"fluid": "lava"
			},
			{
				"type": "ftgumod:fluid",
				"fluid": "water"
			},
			{
				"item": "wrcbe:material",
				"data": 1
			},
			{
				"item": "natura:empty_bowls",
				"data": 32767
			},
			{
				"type": "forge:ore_dict",
				"ore": "listAllmeatcooked"
			}
		]
	},
	"research": {
		"type": "ftgumod:match",
		"pattern": [
			"SSS",
			"W W",
			" W "
		],
		"key": {
			"W": {
				"item": [
					{
					"type": "forge:ore_dict",
					"ore": "stickWood"
					},
					{
					"type": "forge:ore_dict",
					"ore": "logWood"
					},
					{
					"type": "forge:ore_dict",
					"ore": "plankWood"
					},
					{
					"type": "forge:ore_dict",
					"ore": "cobblestone"
					},
					{
					"type": "forge:ore_dict",
					"ore": "stone"
					}
				],
				"hint": {
					"text": "Bowl Base"
				}
			},
			"S": {
				"item": [
					"byg:cookedcarrot",
					"byg:cookedspidereye",
					"byg:cookedpufferfish",
					"byg:cookedtropicalfish",
					"minecraft:pumpkin",
					"minecraft:spider_eye",
					"minecraft:cooked_beef",
					"minecraft:red_mushroom",
					"minecraft:brown_mushroom",
					{
					"type": "forge:ore_dict",
					"ore": "glowshroom"
					},
					{
					"type": "forge:ore_dict",
					"ore": "listAllmeatraw"
					},
					{
					"type": "forge:ore_dict",
					"ore": "listAllvegetable"
					}
				],
				"hint": {
					"text": "Soup Ingredient"
				}
			}
		}
	},
	"unlock": [
		{
            "type": "gamestages:stage",
            "stage": "advanced_cooking",
            "message": "Updating recipe archives....update complete."
        }
	]
}