{
  "item.bloodmagic.corrupted_tinydust": "Tiny Corrupted Dust",
  "item.bloodmagic.corrupted_dust": "Corrupted Dust",
  "item.bloodmagic.sand_hellforged": "Hellforged Sand",
  "item.bloodmagic.ingot_hellforged": "Hellforged Ingot",
  "item.bloodmagic.will_power_anointment": "Will Power Anointment",
  "item.bloodmagic.doubt_bucket": "Buck of Liquid Doubt",
  "fluid.bloodmagic.life_essence_fluid": "Liquid Life Essence",
  "fluid.bloodmagic.doubt_fluid": "Liquid Doubt",
  "block.bloodmagic.dungeon_metal": "Hellforged Block"
 }