{
	"display": {
		"icon": {
			"item": "furnaceoverhaul:gold_furnace",
			"data": 0
		},
		"title": {
			"text": "Better Smelting"
		},
		"description": {
			"text": "I have a basic furnace to cook with, but I know I could improve it if I just had the proper materials..."
		},
		"x": 3,
		"y": 1
	},
	"parent": "cyborg:crafting/improved_smelting",
	"idea": {
		"amount": 2,
		"ingredients": [
			"#fuel",
			"#iron",
			"#gold"
		]
	},
	"research": {
		"type": "ftgumod:match",
		"pattern": [
			" G ",
			"GFG",
			" G "
		],
		"key": {
			"G": {
				"item": [
					"#gold"
				],
				"hint": {
					"text": "Gilded Improvements"
				},
				"decipher": {
					"decipher": {
						"block": "minecraft:gold_block",
						"data": 32767
					},
					"hint": "This would help trap the heat, thus speeding up the smelting process."
				}
			},
			"F": {
				"item": [
					"#iron",
					"minecraft:furnace",
					"natura:netherrack_furnace",
					{
						"item": "extrautils2:machine",
						"data": 0,
						"nbt": {"Type": "extrautils2:furnace"}
					},
					{
						"item": "extrautils2:machine",
						"data": 0,
						"nbt": {"Type": "extrautils2:generator"}
					},
					{
						"item": "thermalexpansion:machine",
						"data": 0
					},
					{
						"type": "forge:ore_dict",
						"ore": "blockRodBlaze"
					}
				],
				"hint": {
					"text": "Furnace Internals"
				},
				"decipher": {
					"decipher": {
						"block": "minecraft:furnace",
						"data": 32767
					},
					"hint": "Could be decent enough to serve as the basis for the improved furnace..."
				}
			}
		}
	},
	"unlock": [
		"furnaceoverhaul:gold_furnace",
		"furnaceoverhaul:gold_kit"
	]
}