{
	"display": {
		"icon": {
			"item": "artisanworktables:worktable",
			"data": 11
		},
		"title": {
			"text": "Fine Cuisine"
		},
		"description": {
			"text": "Food requires a place to prepare it. It's got to be sterile too, I don't want to get poisoned."
		},
		"x": 2,
		"y": 4
	},
	"parent": "cyborg:crafting/masonry",
	"idea": {
		"amount": 2,
		"ingredients": [
			"#fuel",
			"#iron",
			"#steel",
			"#wood",
			"#stone",
			"#quartz",
			"#artisan",
			"#cooking",
			"minecraft:magma",
			"minecraft:furnace",
			"minecraft:magma_cream",
			"byg:soapstone",
			"byg:polished_soapstone",
			"byg:soapstone_tile",
			"byg:soapstone_pillars",
			"byg:polished_soapstone_stairs",
			"byg:polished_soapstone_walls",
			"fuelcanister:empty_fuel_canister",
			"furnaceoverhaul:gold_furnace",
			"furnaceoverhaul:diamond_furnace",
			"furnaceoverhaul:emerald_furnace",
			"furnaceoverhaul:end_furnace",
			"furnaceoverhaul:gold_kit",
			"furnaceoverhaul:diamond_kit",
			"furnaceoverhaul:emerald_kit",
			"furnaceoverhaul:end_kit",
			{
				"item": "minecraft:concrete",
				"data": 32767
			},
			{
				"item": "minecraft:concrete_powder",
				"data": 32767
			},
			{
				"item": "ceramics:clay_slab",
				"data": 5
			},
			{
				"item": "ceramics:clay_hard",
				"data": 5
			},
			{
				"item": "fuelcanister:fuel_canister",
				"data": 32767
			},
			{
				"type": "forge:ore_dict",
				"ore": "blockGlass"
			},
			{
				"type": "forge:ore_dict",
				"ore": "blockHardenedGlass"
			},
			{
				"type": "forge:ore_dict",
				"ore": "artisansHandsaw"
			},
			{
				"type": "forge:ore_dict",
				"ore": "artisansFile"
			},
			{
				"item": "artisanworktables:worktable",
				"data": 2
			},
			{
				"item": "artisanworktables:workstation",
				"data": 2
			},
			{
				"item": "artisanworktables:worktable",
				"data": 5
			},
			{
				"item": "artisanworktables:workstation",
				"data": 5
			},
			{
				"type": "ftgumod:fluid",
				"fluid": "milk"
			},
			{
				"type": "ftgumod:fluid",
				"fluid": "water"
			},
			{
				"type": "ftgumod:fluid",
				"fluid": "pyrotheum"
			},
			{
				"type": "ftgumod:fluid",
				"fluid": "lava"
			}
		]
	},
	"unlock": [
		{
			"item": "artisanworktables:worktable",
			"data": 11
		},
		{
			"item": "artisanworktables:workstation",
			"data": 11
		}
	]
}