{
	"display": {
		"icon": {
			"item": "furnaceoverhaul:diamond_furnace",
			"data": 0
		},
		"title": {
			"text": "Enhanced Smelting"
		},
		"description": {
			"text": "Infusing a furnace with gemstones is sure to make it faster."
		},
		"x": 3,
		"y": 3
	},
	"parent": "cyborg:crafting/better_smelting",
	"idea": {
		"amount": 3,
		"ingredients": [
			"#fuel",
			"#gold",
			"#emerald",
			"#diamond",
			{
				"type": "forge:ore_dict",
				"ore": "blockGlass"
			},
			{
				"type": "forge:ore_dict",
				"ore": "oreRuby"
			},
			{
				"type": "forge:ore_dict",
				"ore": "oreSapphire"
			},
			{
				"type": "forge:ore_dict",
				"ore": "orePeridot"
			},
			{
				"type": "forge:ore_dict",
				"ore": "blockRuby"
			},
			{
				"type": "forge:ore_dict",
				"ore": "blockSapphire"
			},
			{
				"type": "forge:ore_dict",
				"ore": "blockPeridot"
			},
			{
				"type": "forge:ore_dict",
				"ore": "gemRuby"
			},
			{
				"type": "forge:ore_dict",
				"ore": "gemSapphire"
			},
			{
				"type": "forge:ore_dict",
				"ore": "gemPeridot"
			},
			{
				"type": "forge:ore_dict",
				"ore": "oreTamrelite"
			},
			{
				"type": "forge:ore_dict",
				"ore": "orePendorite"
			},
			{
				"type": "forge:ore_dict",
				"ore": "oreLatharium"
			},
			{
				"type": "forge:ore_dict",
				"ore": "blockTamrelite"
			},
			{
				"type": "forge:ore_dict",
				"ore": "blockPendorite"
			},
			{
				"type": "forge:ore_dict",
				"ore": "blockLatharium"
			},
			{
				"type": "forge:ore_dict",
				"ore": "gemTamrelite"
			},
			{
				"type": "forge:ore_dict",
				"ore": "gemPendorite"
			},
			{
				"type": "forge:ore_dict",
				"ore": "gemLatharium"
			},
			{
				"type": "forge:ore_dict",
				"ore": "blockCrystalFlux"
			},
			{
				"type": "forge:ore_dict",
				"ore": "gemCrystalFlux"
			}
		]
	},
	"research": {
		"type": "ftgumod:match",
		"pattern": [
			"GGG",
			"GFG",
			"GGG"
		],
		"key": {
			"G": {
				"item": [
					"#emerald",
					"#diamond",
					{
						"type": "forge:ore_dict",
						"ore": "oreRuby"
					},
					{
						"type": "forge:ore_dict",
						"ore": "oreSapphire"
					},
					{
						"type": "forge:ore_dict",
						"ore": "orePeridot"
					},
					{
						"type": "forge:ore_dict",
						"ore": "blockRuby"
					},
					{
						"type": "forge:ore_dict",
						"ore": "blockSapphire"
					},
					{
						"type": "forge:ore_dict",
						"ore": "blockPeridot"
					},
					{
						"type": "forge:ore_dict",
						"ore": "gemRuby"
					},
					{
						"type": "forge:ore_dict",
						"ore": "gemSapphire"
					},
					{
						"type": "forge:ore_dict",
						"ore": "gemPeridot"
					},
					{
						"type": "forge:ore_dict",
						"ore": "oreTamrelite"
					},
					{
						"type": "forge:ore_dict",
						"ore": "orePendorite"
					},
					{
						"type": "forge:ore_dict",
						"ore": "oreLatharium"
					},
					{
						"type": "forge:ore_dict",
						"ore": "blockTamrelite"
					},
					{
						"type": "forge:ore_dict",
						"ore": "blockPendorite"
					},
					{
						"type": "forge:ore_dict",
						"ore": "blockLatharium"
					},
					{
						"type": "forge:ore_dict",
						"ore": "gemTamrelite"
					},
					{
						"type": "forge:ore_dict",
						"ore": "gemPendorite"
					},
					{
						"type": "forge:ore_dict",
						"ore": "gemLatharium"
					},
					{
						"type": "forge:ore_dict",
						"ore": "blockCrystalFlux"
					},
					{
						"type": "forge:ore_dict",
						"ore": "gemCrystalFlux"
					}
				],
				"hint": {
					"text": "Gemstone Upgrades"
				},
				"decipher": {
					"decipher": {
						"block": "minecraft:emerald_block",
						"data": 32767
					},
					"hint": "This would help trap the heat, thus speeding up the smelting process."
				}
			},
			"F": {
				"item": [
					"#emerald",
					"#diamond",
					"minecraft:furnace",
					"natura:netherrack_furnace",
					"furnaceoverhaul:iron_furnace",
					"furnaceoverhaul:gold_furnace",
					{
						"item": "extrautils2:machine",
						"data": 0,
						"nbt": {"Type": "extrautils2:furnace"}
					},
					{
						"item": "thermalexpansion:machine",
						"data": 0
					},
					{
						"type": "forge:ore_dict",
						"ore": "blockRodBlaze"
					}
				],
				"hint": {
					"text": "Furnace Internals"
				},
				"decipher": {
					"decipher": {
						"block": "minecraft:furnace",
						"data": 32767
					},
					"hint": "Could be decent enough to serve as a furnace base..."
				}
			}
		}
	},
	"unlock": [
		"furnaceoverhaul:diamond_furnace",
		"furnaceoverhaul:emerald_furnace",
		"furnaceoverhaul:diamond_kit",
		"furnaceoverhaul:emerald_kit"
	]
}