{
	"display": {
		"icon": {
			"item": "artisanworktables:worktable",
			"data": 4
		},
		"title": {
			"text": "Jewelry Crafting"
		},
		"description": {
			"text": "I can't make jewelry, but I could re-purpose this to utilze the various gemstones I've found."
		},
		"x": -4,
		"y": 2
	},
	"parent": "cyborg:crafting/smithing",
	"idea": {
		"amount": 2,
		"ingredients": [
			"#wood",
			"#artisan",
			"#quartz",
			"#emerald",
			"#diamond",
			"#prismarine",
			{
				"item": "artisanworktables:worktable",
				"data": 3
			},
			{
				"item": "artisanworktables:workstation",
				"data": 3
			},
			{
				"type": "forge:ore_dict",
				"ore": "oreRuby"
			},
			{
				"type": "forge:ore_dict",
				"ore": "blockRuby"
			},
			{
				"type": "forge:ore_dict",
				"ore": "gemRuby"
			},
			{
				"type": "forge:ore_dict",
				"ore": "orePeridot"
			},
			{
				"type": "forge:ore_dict",
				"ore": "blockPeridot"
			},
			{
				"type": "forge:ore_dict",
				"ore": "gemPeridot"
			},
			{
				"type": "forge:ore_dict",
				"ore": "oreSapphire"
			},
			{
				"type": "forge:ore_dict",
				"ore": "blockSapphire"
			},
			{
				"type": "forge:ore_dict",
				"ore": "gemSapphire"
			},
			{
				"type": "forge:ore_dict",
				"ore": "artisansHammer"
			},
			{
				"type": "forge:ore_dict",
				"ore": "artisansCutters"
			},
			{
				"type": "forge:ore_dict",
				"ore": "artisansPliers"
			}
		]
	},
	"research": {
		"type": "ftgumod:match",
		"pattern": [
			" G ",
			"GTG",
			"F F"
		],
		"key": {
			"G": {
				"item": [
					"#quartz",
					"#emerald",
					"#diamond",
					"#prismarine",
					{
						"type": "forge:ore_dict",
						"ore": "oreLapis"
					},
					{
						"type": "forge:ore_dict",
						"ore": "blockLapis"
					},
					{
						"type": "forge:ore_dict",
						"ore": "gemLapis"
					},
					{
						"type": "forge:ore_dict",
						"ore": "oreRuby"
					},
					{
						"type": "forge:ore_dict",
						"ore": "blockRuby"
					},
					{
						"type": "forge:ore_dict",
						"ore": "gemRuby"
					},
					{
						"type": "forge:ore_dict",
						"ore": "orePeridot"
					},
					{
						"type": "forge:ore_dict",
						"ore": "blockPeridot"
					},
					{
						"type": "forge:ore_dict",
						"ore": "gemPeridot"
					},
					{
						"type": "forge:ore_dict",
						"ore": "oreSapphire"
					},
					{
						"type": "forge:ore_dict",
						"ore": "blockSapphire"
					},
					{
						"type": "forge:ore_dict",
						"ore": "gemSapphire"
					}
				],
				"hint": {
					"text": "Gemstone Encrusting"
				},
				"decipher": {
					"decipher": {
						"block": "minecraft:quartz_block",
						"data": 32767
					},
					"hint": "Could be used to encrust a table."
				}
			},
			"T": {
				"item": [
					"openblocks:drawing_table",
					{
						"item": "artisanworktables:worktable",
						"data": 3
					},
					{
						"item": "artisanworktables:workstation",
						"data": 3
					},
					{
						"item": "artisanworktables:worktable",
						"data": 5
					},
					{
						"item": "artisanworktables:workstation",
						"data": 5
					},
					{
						"type": "forge:ore_dict",
						"ore": "workbench"
					}
				],
				"hint": {
					"text": "Table Base"
				}
			},
			"F": {
				"item": [
					"#wood",
					"#stone",
					"minecraft:nether_brick_fence",
					{
						"item": "minecraft:cobblestone_wall",
						"data": 0
					},
					{
						"item": "minecraft:cobblestone_wall",
						"data": 1
					},
					{
						"type": "forge:ore_dict",
						"ore": "fenceWood"
					}
				],
				"hint": {
					"text": "Basic Supports"
				},
				"decipher": {
					"decipher": {
						"block": "minecraft:fence",
						"data": 32767
					},
					"hint": "Fences make for good table supports in my experience."
				}
			}
		},
	"unlock": [
		{
			"item": "artisanworktables:worktable",
			"data": 4
		}
	]
  }
}