{
	"display": {
		"icon": {
			"item": "artisanworktables:worktable",
			"data": 3
		},
		"title": {
			"text": "Smithing"
		},
		"description": {
			"text": "I'm going to need to specialize my crafting areas, otherwise I can't do much. But firstly, something to craft them on (and with)."
		},
		"x": -2,
		"y": 2
	},
	"parent": "cyborg:crafting/basic",
	"idea": {
		"amount": 3,
		"ingredients": [
			"#fuel",
			"#iron",
			"#steel",
			"#artisan",
			{
				"item": "artisanworktables:worktable",
				"data": 5
			},
			{
				"item": "artisanworktables:workstation",
				"data": 5
			},
			{
				"type": "forge:ore_dict",
				"ore": "oreTin"
			},
			{
				"type": "forge:ore_dict",
				"ore": "blockTin"
			},
			{
				"type": "forge:ore_dict",
				"ore": "ingotTin"
			},
			{
				"type": "forge:ore_dict",
				"ore": "nuggetTin"
			},
			{
				"type": "forge:ore_dict",
				"ore": "oreCopper"
			},
			{
				"type": "forge:ore_dict",
				"ore": "blockCopper"
			},
			{
				"type": "forge:ore_dict",
				"ore": "ingotCopper"
			},
			{
				"type": "forge:ore_dict",
				"ore": "nuggetCopper"
			},
			{
				"type": "forge:ore_dict",
				"ore": "oreLead"
			},
			{
				"type": "forge:ore_dict",
				"ore": "blockLead"
			},
			{
				"type": "forge:ore_dict",
				"ore": "ingotLead"
			},
			{
				"type": "forge:ore_dict",
				"ore": "nuggetLead"
			},
			{
				"type": "forge:ore_dict",
				"ore": "artisansHammer"
			},
			{
				"type": "forge:ore_dict",
				"ore": "artisansCutters"
			},
			{
				"type": "ftgumod:fluid",
				"fluid": "pyrotheum"
			},
			{
				"type": "ftgumod:fluid",
				"fluid": "lava"
			}
		]
	},
	"research": {
		"type": "ftgumod:match",
		"pattern": [
			"MMM",
			"STS",
			"S S"
		],
		"key": {
			"M": {
				"item": [
					"#iron",
					"#steel",
					"#bronze",
					{
						"item": "minecraft:anvil",
						"data": 32767
					},
					{
						"type": "forge:ore_dict",
						"ore": "oreLead"
					},
					{
						"type": "forge:ore_dict",
						"ore": "blockLead"
					},
					{
						"type": "forge:ore_dict",
						"ore": "ingotLead"
					},
					{
						"type": "forge:ore_dict",
						"ore": "nuggetLead"
					},
					{
						"type": "forge:ore_dict",
						"ore": "obsidian"
					},
					{
						"type": "forge:ore_dict",
						"ore": "ingotObsidian"
					},
					{
						"type": "forge:ore_dict",
						"ore": "dustObsidian"
					},
					{
						"type": "forge:ore_dict",
						"ore": "obsidianRod"
					}
				],
				"hint": {
					"text": "Metallic Surface"
				},
				"decipher": {
					"decipher": {
						"block": "minecraft:iron_block",
						"data": 32767
					},
					"hint": "Iron is quite strong. It would make for a good anvil-like surface."
				}
			},
			"S": {
				"item": [
					"#iron",
					"#steel",
					"#stone",
					"minecraft:brick",
					"minecraft:brick_block",
					"minecraft:netherbrick",
					"minecraft:nether_brick",
					{
						"type": "forge:ore_dict",
						"ore": "oreLead"
					},
					{
						"type": "forge:ore_dict",
						"ore": "blockLead"
					},
					{
						"type": "forge:ore_dict",
						"ore": "ingotLead"
					},
					{
						"type": "forge:ore_dict",
						"ore": "nuggetLead"
					},
					{
						"type": "forge:ore_dict",
						"ore": "obsidian"
					},
					{
						"type": "forge:ore_dict",
						"ore": "ingotObsidian"
					},
					{
						"type": "forge:ore_dict",
						"ore": "obsidianRod"
					}
				],
				"hint": {
					"text": "Strong Supports"
				},
				"decipher": {
					"decipher": {
						"block": "minecraft:stone",
						"data": 32767
					},
					"hint": "Stone could make for a good support."
				}
			},
			"T": {
				"item": [
					"openblocks:drawing_table",
					{
						"item": "artisanworktables:worktable",
						"data": 5
					},
					{
						"item": "artisanworktables:workstation",
						"data": 5
					},
					{
						"type": "forge:ore_dict",
						"ore": "workbench"
					}
				],
				"hint": {
					"text": "Table Base"
				}
			}
		}
	},
	"unlock": [
		{
			"item": "artisanworktables:worktable",
			"data": 3
		},
		{
			"item": "artisanworktables:workstation",
			"data": 3
		}
	]
}