{
	"display": {
		"icon": {
			"item": "furnaceoverhaul:end_furnace",
			"data": 0
		},
		"title": {
			"text": "Ultimate Smelting"
		},
		"description": {
			"text": "Infusing a furnace with ender pearls is sure to make it the fastest a furnace can be."
		},
		"x": 3,
		"y": 5
	},
	"parent": "cyborg:crafting/enhanced_smelting",
	"idea": {
		"amount": 3,
		"ingredients": [
			"#fuel",
			"minecraft:ender_eye",
			"minecraft:ender_pearl",
			"minecraft:chorus_fruit",
			"minecraft:chorus_fruit_popped",
			"minecraft:shulker_shell",
			"minecraft:purpur_block",
			"minecraft:dragon_egg",
			"minecraft:end_stone",
			"extrautils2:enderlilly",
			"extrautils2:endershard",
			"furnaceoverhaul:diamond_furnace",
			"furnaceoverhaul:emerald_furnace",
			"furnaceoverhaul:diamond_kit",
			"furnaceoverhaul:emerald_kit",
			"nhc:energypearl",
			"rftools:infused_enderpearl",
			{
				"item": "wrcbe:material",
				"data": 2
			},
			{
				"type": "forge:ore_dict",
				"ore": "blockPearlEnder"
			},
			{
				"type": "ftgumod:fluid",
				"fluid": "ender"
			}
		]
	},
	"research": {
		"type": "ftgumod:match",
		"pattern": [
			"EEE",
			"EFE",
			"EEE"
		],
		"key": {
			"E": {
				"item": [
					"minecraft:ender_eye",
					"minecraft:ender_pearl",
					"minecraft:chorus_fruit",
					"minecraft:chorus_fruit_popped",
					"minecraft:shulker_shell",
					"minecraft:purpur_block",
					"minecraft:dragon_egg",
					"minecraft:end_stone",
					"minecraft:end_rod",
					"extrautils2:enderlilly",
					"extrautils2:endershard",
					"nhc:energypearl",
					"rftools:infused_enderpearl",
					{
						"item": "wrcbe:material",
						"data": 2
					},
					{
						"type": "forge:ore_dict",
						"ore": "blockPearlEnder"
					},
					{
						"type": "ftgumod:fluid",
						"fluid": "ender"
					}
				],
				"hint": {
					"text": "Enderic Improvements"
				},
				"decipher": {
					"decipher": {
						"block": "additionalcompression:pearlender_compressed",
						"data": 32767
					},
					"hint": "This could help control the power output."
				}
			},
			"F": {
				"item": [
					"minecraft:blaze_rod",
					"minecraft:blaze_powder",
					"minecraft:furnace",
					"natura:netherrack_furnace",
					"furnaceoverhaul:iron_furnace",
					"furnaceoverhaul:gold_furnace",
					"furnaceoverhaul:diamond_furnace",
					"furnaceoverhaul:emerald_furnace",
					{
						"item": "extrautils2:machine",
						"data": 0,
						"nbt": {"Type": "extrautils2:furnace"}
					},
					{
						"item": "thermalexpansion:machine",
						"data": 0
					},
					{
						"type": "forge:ore_dict",
						"ore": "blockRodBlaze"
					}
				],
				"hint": {
					"text": "Furnace Internals"
				},
				"decipher": {
					"decipher": {
						"block": "minecraft:furnace",
						"data": 32767
					},
					"hint": "Could be decent enough to serve as the basis..."
				}
			}
		}
	},
	"unlock": [
		"furnaceoverhaul:end_furnace",
		"furnaceoverhaul:end_kit"
	]
}