[
  {
    "ingredient": [
 	  "minecraft:observer",
 	  "minecraft:piston",
 	  "minecraft:sticky_piston",
 	  "compactmachines3:psd",
 	  "compactmachines3:fieldprojector",
 	  "cyberware:surgery",
 	  "cyberware:surgery_chamber",
 	  "cyberware:engineering_table",
 	  "cyberware:blueprint_archive",
 	  "cyberware:component_box",
 	  "cyberware:scanner",
 	  "cyberware:charger",
 	  "cyberware:beacon",
 	  "cyberware:beacon_large",
 	  "cyberware:radio_post",
 	  "cyberware:cyberheart",
 	  "cyberware:dense_battery",
      {
        "item": "cyberware:blueprint",
		"data": 32767
      },
      {
        "item": "cyberware:component",
		"data": 32767
      },
      {
        "item": "cyberware:cybereyes",
		"data": 32767
      },
      {
        "item": "cyberware:cybereye_upgrades",
		"data": 32767
      },
      {
        "item": "cyberware:eye_upgrades",
		"data": 32767
      },
      {
        "item": "cyberware:brain_upgrades",
		"data": 32767
      },
      {
        "item": "cyberware:lungs_upgrades",
		"data": 32767
      },
      {
        "item": "cyberware:heart_upgrades",
		"data": 32767
      },
      {
        "item": "cyberware:lower_organs_upgrades",
		"data": 32767
      },
      {
        "item": "cyberware:skin_upgrades",
		"data": 32767
      },
      {
        "item": "cyberware:muscle_upgrades",
		"data": 32767
      },
      {
        "item": "cyberware:bone_upgrades",
		"data": 32767
      },
      {
        "item": "cyberware:hand_upgrades",
		"data": 32767
      },
      {
        "item": "cyberware:leg_upgrades",
		"data": 32767
      },
      {
        "item": "cyberware:foot_upgrades",
		"data": 32767
      },
      {
        "item": "cyberware:cyberlimbs",
		"data": 32767
      },
      {
        "item": "rewired:cranium",
		"data": 32767
      },
      {
        "item": "rewired:torso",
		"data": 32767
      },
      {
        "item": "rewired:hand",
		"data": 32767
      },
      {
        "item": "rewired:foot",
		"data": 32767
      },
      {
        "item": "rewired:skin",
		"data": 32767
      },
	  "extrautils2:klein",
      {
        "item": "extrautils2:ingredients",
		"data": 0
      },
      {
        "item": "extrautils2:ingredients",
		"data": 2
      },
      {
        "item": "extrautils2:ingredients",
		"data": 6
      },
      {
        "item": "extrautils2:ingredients",
		"data": 7
      },
      {
        "item": "extrautils2:ingredients",
		"data": 8
      },
      {
        "item": "extrautils2:ingredients",
		"data": 9
      },
      {
        "item": "extrautils2:ingredients",
		"data": 13
      },
      {
        "item": "extrautils2:ingredients",
		"data": 15
      },
      {
        "item": "extrautils2:ingredients",
		"data": 16
      },
      {
        "item": "extrautils2:passivegenerator",
		"data": 0
      },
      {
        "item": "extrautils2:passivegenerator",
		"data": 1
      },
      {
        "item": "extrautils2:passivegenerator",
		"data": 2
      },
      {
        "item": "extrautils2:passivegenerator",
		"data": 3
      },
      {
        "item": "extrautils2:passivegenerator",
		"data": 4
      },
      {
        "item": "extrautils2:passivegenerator",
		"data": 5
      },
      {
        "item": "extrautils2:passivegenerator",
		"data": 7
      },
      {
        "item": "extrautils2:passivegenerator",
		"data": 8
      },
      {
        "item": "extrautils2:machine",
		"data": 32767
      },
      {
        "item": "projectred-core:multimeter",
		"data": 32767
      },
      {
        "item": "projectred-core:screwdriver",
		"data": 32767
      },
      {
        "item": "projectred-core:resource_item",
		"data": 410
      },
      {
        "item": "projectred-exploration:athame",
		"data": 32767
      },
	  "rftools:scanner",
	  "rftools:remote_scanner",
	  "rftools:storage_scanner",
	  "scannable:module_blank",
	  "scannable:module_range",
	  "scannable:module_animal",
	  "scannable:module_monster",
	  "scannable:module_ore_common",
	  "scannable:module_ore_rare",
	  "scannable:module_block",
	  "scannable:module_structure",
	  "scannable:module_fluid",
	  "scannable:module_entity",
      {
        "item": "scannable:scanner",
		"data": 32767
      },
	  "thermalfoundation:meter",
	  "thermalfoundation:wrench",
	  "thermalfoundation:security",
      {
        "item": "thermalexpansion:frame",
		"data": 0
      },
      {
        "item": "thermalexpansion:frame",
		"data": 64
      },
      {
        "item": "thermalexpansion:frame",
		"data": 128
      },
      {
        "item": "thermalfoundation:upgrade",
		"data": 32767
      },
      {
		"type": "forge:ore_dict",
		"ore": "gears"
      },
      {
		"type": "forge:ore_dict",
		"ore": "plates"
      }
    ],
    "name": "tech"
  },
  {
    "ingredient": [
		"furnaceoverhaul:blank_kit",
		"furnaceoverhaul:blank_upgrade",
		"improvedbackpacks:blank_upgrade",
		"scannable:module_blank",
		"solarflux:blank_upgrade",
		"storagedrawers:upgrade_template",
		"teslacorelib:base_addon",
		"xnet:connector_upgrade",
		{
			"item": "extrautils2:ingredients",
			"data": 6
		},
		{
			"item": "extrautils2:ingredients",
			"data": 7
		},
		{
			"item": "extrautils2:ingredients",
			"data": 8
		},
		{
			"item": "extrautils2:ingredients",
			"data": 9
		},
		{
			"item": "multistorage:stone_storage",
			"data": 0
		},
		{
			"item": "industrialforegoing:conveyor_upgrade",
			"data": 0
		},
		{
			"item": "industrialforegoing:conveyor_upgrade",
			"data": 1
		},
		{
			"item": "industrialforegoing:conveyor_upgrade",
			"data": 2
		},
		{
			"item": "industrialforegoing:conveyor_upgrade",
			"data": 3
		},
		{
			"item": "industrialforegoing:conveyor_upgrade",
			"data": 4
		},
		{
			"item": "industrialforegoing:conveyor_upgrade",
			"data": 5
		},
		{
			"item": "industrialforegoing:conveyor_upgrade",
			"data": 6
		},
		{
			"item": "improvedbackpacks:upgrade",
			"data": 0
		},
		{
			"item": "improvedbackpacks:upgrade",
			"data": 1
		},
		{
			"item": "thermalfoundation:upgrade",
			"data": 0
		},
		"appliedenergistics2:view_cell",
		{
			"item": "appliedenergistics2:material",
			"data": 25
		},
		{
			"item": "appliedenergistics2:material",
			"data": 26
		},
		{
			"item": "appliedenergistics2:material",
			"data": 27
		},
		{
			"item": "appliedenergistics2:material",
			"data": 28
		},
		{
			"item": "appliedenergistics2:material",
			"data": 29
		},
		{
			"item": "appliedenergistics2:material",
			"data": 30
		},
		{
			"item": "appliedenergistics2:material",
			"data": 31
		},
		{
			"item": "appliedenergistics2:material",
			"data": 53
		}
    ],
    "name": "upgrade"
  },
  {
    "ingredient": [
      {
        "item": "minecraft:enchanted_book",
	    "data": 32767 
      },
      {
        "item": "minecraft:writable_book",
		"data": 0
      },
      {
        "item": "minecraft:written_book",
	    "data": 32767 
      },
	  {
        "item": "minecraft:book",
		"data": 0
      }
    ],
    "name": "book"
  }, 
  {
    "ingredient": [
 	  "minecraft:flint",
 	  "minecraft:bone",
      {
        "type": "forge:ore_dict",
		"ore": "cobblestone"
      },
	  {
        "type": "forge:ore_dict",
		"ore": "stone"
      },
	  {
        "type": "forge:ore_dict",
		"ore": "plankWood"
      },
	  {
        "type": "forge:ore_dict",
		"ore": "ingotIron"
      },
	  {
        "type": "forge:ore_dict",
		"ore": "ingotBronze"
      },
	  {
        "type": "forge:ore_dict",
		"ore": "ingotGold"
      },
	  {
        "type": "forge:ore_dict",
		"ore": "ingotLead"
      },
	  {
        "type": "forge:ore_dict",
		"ore": "ingotPlatinum"
      },
	  {
        "type": "forge:ore_dict",
		"ore": "ingotIridium"
      },
	  {
        "type": "forge:ore_dict",
		"ore": "ingotInvar"
      },
	  {
        "type": "forge:ore_dict",
		"ore": "ingotConstantan"
      },
	  {
        "type": "forge:ore_dict",
		"ore": "ingotSteel"
      }
    ],
    "name": "artisan"
  },
  {
    "ingredient": [
        "minecraft:bow",
		"minecraft:iron_sword",
		"minecraft:golden_sword",
		"minecraft:diamond_sword",
		"bonecraft:bonesworditem",
		"byg:tamrelitesword",
		"byg:pendoritesword",
		"byg:kasaisword",
		"byg:lathariumsword",
		"extrautils2:compoundbow",
		"glacidus:underground_sword",
		"glacidus:antinatric_sword",
		"glacidus:eukeite_sword",
		"glacidus:glacidite_sword",
		"natura:ghostwood_bow",
		"natura:bloodwood_bow",
		"natura:darkwood_bow",
		"natura:fusewood_bow",
		"natura:ghostwood_sword",
		"natura:bloodwood_sword",
		"natura:darkwood_sword",
		"natura:fusewood_sword",
		"natura:netherquartz_sword",
		"pristeel:pristeel_sword",
		"projectred-exploration:ruby_sword",
		"projectred-exploration:peridot_sword",
		"projectred-exploration:sapphire_sword",
		"redstonearsenal:tool.bow_flux",
		"redstonearsenal:tool.sword_flux",
		"thermalfoundation:tool.bow_iron",
		"thermalfoundation:tool.bow_gold",
		"thermalfoundation:tool.bow_diamond",
		"thermalfoundation:tool.bow_platinum",
		"thermalfoundation:tool.bow_steel",
		"thermalfoundation:tool.bow_electrum",
		"thermalfoundation:tool.bow_invar",
		"thermalfoundation:tool.bow_bronze",
		"thermalfoundation:tool.bow_constantan",
		"thermalfoundation:tool.sword_platinum",
		"thermalfoundation:tool.sword_steel",
		"thermalfoundation:tool.sword_electrum",
		"thermalfoundation:tool.sword_invar",
		"thermalfoundation:tool.sword_bronze",
		"thermalfoundation:tool.sword_constantan",
		"vulcanite:vulcanite_sword",
		{
			"type": "forge:ore_dict",
			"ore": "arrow"
		}
    ],
    "name": "weapon"
  },
  {
    "ingredient": [
      {
        "item": "extrautils2:ingredients",
	    "data": 1 
      },
      {
        "item": "redstonearsenal:material",
		"data": 96
      },
      {
        "item": "thermalfoundation:material",
	    "data": 24
      },
	  {
        "item": "thermalfoundation:material",
	    "data": 25
      },
	  {
        "item": "thermalfoundation:material",
	    "data": 26
      },
	  {
        "item": "thermalfoundation:material",
	    "data": 27
      },
	  {
        "item": "thermalfoundation:material",
	    "data": 256
      },
	  {
        "item": "thermalfoundation:material",
	    "data": 257
      },
	  {
        "item": "thermalfoundation:material",
	    "data": 258
      },
	  {
        "item": "thermalfoundation:material",
	    "data": 259
      },
	  {
        "item": "thermalfoundation:material",
	    "data": 260
      },
	  {
        "item": "thermalfoundation:material",
	    "data": 261
      },
	  {
        "item": "thermalfoundation:material",
	    "data": 262
      },
	  {
        "item": "thermalfoundation:material",
	    "data": 263
      },
	  {
        "item": "thermalfoundation:material",
	    "data": 264
      },
	  {
        "item": "thermalfoundation:material",
	    "data": 288
      },
	  {
        "item": "thermalfoundation:material",
	    "data": 289
      },
	  {
        "item": "thermalfoundation:material",
	    "data": 290
      },
	  {
        "item": "thermalfoundation:material",
	    "data": 291
      },
	  {
        "item": "thermalfoundation:material",
	    "data": 292
      },
	  {
        "item": "thermalfoundation:material",
	    "data": 293
      },
	  {
        "item": "thermalfoundation:material",
	    "data": 294
      },
	  {
        "item": "thermalfoundation:material",
	    "data": 295
      }
    ],
    "name": "gear"
  },
  {
    "ingredient": [
      {
        "item": "ceramics:unfired_clay",
	    "data": 9 
      },
	  {
        "item": "dse:armorplate",
	    "data": 0 
      }, 
	  {
        "item": "dse:armorplate",
	    "data": 1 
      },
	  {
        "item": "dse:armorplate",
	    "data": 2
      }, 
	  {
        "item": "dse:armorplate",
	    "data": 3
      },
	  {
        "item": "dse:armorplate",
	    "data": 4
      }, 
	  {
        "item": "dse:armorplate",
	    "data": 5
      },
	  {
        "item": "dse:armorplate",
	    "data": 6
      }, 
	  {
        "item": "dse:armorplate",
	    "data": 7
      },
	  {
        "item": "dse:armorplate",
	    "data": 8
      },
	  {
        "type": "forge:ore_dict",
	    "ore": "plateIron" 
      },
	  {
        "type": "forge:ore_dict",
	    "ore": "plateGold" 
      },
	  {
        "type": "forge:ore_dict",
	    "ore": "plateCopper" 
      },
	  {
        "type": "forge:ore_dict",
	    "ore": "plateTin" 
      },
	  {
        "type": "forge:ore_dict",
	    "ore": "plateBronze" 
      },
	  {
        "type": "forge:ore_dict",
	    "ore": "plateSilver" 
      },
	  {
        "type": "forge:ore_dict",
	    "ore": "plateLead" 
      },
	  {
        "type": "forge:ore_dict",
	    "ore": "plateAluminum" 
      },
	  {
        "type": "forge:ore_dict",
	    "ore": "plateNickel" 
      },
	  {
        "type": "forge:ore_dict",
	    "ore": "platePlatinum" 
      },
	  {
        "type": "forge:ore_dict",
	    "ore": "plateIridium" 
      },
	  {
        "type": "forge:ore_dict",
	    "ore": "plateMithril" 
      },
	  {
        "type": "forge:ore_dict",
	    "ore": "plateSteel" 
      },
	  {
        "type": "forge:ore_dict",
	    "ore": "plateElectrum" 
      },
	  {
        "type": "forge:ore_dict",
	    "ore": "plateInvar" 
      },
	  {
        "type": "forge:ore_dict",
	    "ore": "plateConstantan" 
      },
	  {
        "type": "forge:ore_dict",
	    "ore": "plateSignalum" 
      },
	  {
        "type": "forge:ore_dict",
	    "ore": "plateLumium" 
      },
	  {
        "type": "forge:ore_dict",
	    "ore": "plateEnderium" 
      },
	  {
        "type": "forge:ore_dict",
	    "ore": "plateDenseIron" 
      },
	  {
        "type": "forge:ore_dict",
	    "ore": "plateDenseSteel" 
      }
    ],
    "name": "plate"
  },
  {
    "ingredient": [
	  "jjcoin:gold_coin",
	  "projectred-exploration:golden_sickle",
	  "extrautils2:goldenlasso",
      "minecraft:gold_ore",
      "minecraft:gold_block",
      "minecraft:gold_ingot",
      "minecraft:gold_nugget",
	  "minecraft:golden_sword",
	  "minecraft:golden_pickaxe",
	  "minecraft:golden_shovel",
	  "minecraft:golden_hoe",
	  "minecraft:golden_axe",
	  "minecraft:golden_helmet",
	  "minecraft:golden_chestplate",
	  "minecraft:golden_leggings",
	  "minecraft:golden_boots",
	  "minecraft:golden_horse_armor",
	  "furnaceoverhaul:gold_furnace",
	  "furnaceoverhaul:gold_kit",
	  "multitools:universaltool_gold",
	  "multitools:paxel_gold",
	  "openblocks:golden_egg",
	  "openblocks:golden_eye",
	  {
        "item": "alchemistry:element",
		"data": 79
      },
	  {
        "type": "forge:ore_dict",
	    "ore": "dustGold"
      },
	  {
        "type": "forge:ore_dict",
	    "ore": "gearGold"
      },
	  {
        "type": "forge:ore_dict",
	    "ore": "plateGold"
      }
    ],
    "name": "gold"
  },
  {
    "ingredient": [ 
	  "minecraft:repeater",
	  "minecraft:comparator",
	  "minecraft:redstone_torch",
	  "minecraft:redstone_lamp",
	  "compactmachines3:redstonetunneltool", 
	  "extrautils2:redstonelantern",
	  {
        "item": "extrautils2:decorativeglass",
	    "data": 5
      }, 
	  {
        "item": "extrautils2:ingredients",
	    "data": 0
      }, 
	  {
        "item": "extrautils2:ingredients",
	    "data": 1
      },
	  {
        "item": "extrautils2:ingredients",
	    "data": 2
      }, 
	  {
        "item": "thermalfoundation:material",
	    "data": 512
      }, 
	  {
        "type": "forge:ore_dict",
	    "ore": "oreRedstone"
      },
	  {
        "type": "forge:ore_dict",
	    "ore": "dustRedstone"
      },
	  {
        "type": "forge:ore_dict",
	    "ore": "blockRedstone"
      },
	  {
		"type": "ftgumod:fluid",
		"fluid": "redstone"
	  }
    ],
    "name": "redstone"
  },
  {
    "ingredient": [
	  {
        "type": "forge:ore_dict",
		"ore": "oreElectrotine"
	  },
	  {
        "type": "forge:ore_dict",
		"ore": "dustElectrotine"
	  },
	  {
        "type": "forge:ore_dict",
		"ore": "blockElectrotine"
	  },
	  {
        "item": "projectred-core:resource_item",
	    "data": 104
      },
	  {
        "item": "projectred-core:resource_item",
	    "data": 252
      },
	  {
        "item": "projectred-core:resource_item",
	    "data": 312
      },
	  {
        "item": "projectred-core:resource_item",
	    "data": 342
      }
    ],
    "name": "electrotine"
  },
  {
    "ingredient": [
	  "minecraft:blaze_rod",
	  "cm:crimson_coal",
	  "nibrockscoal:iron_coal",
	  "nibrockscoal:gold_coal",
	  "nibrockscoal:diamond_coal",
	   "minicoal:minicharcoal",
	   "minicoal:minicoal",
      {
        "item": "minecraft:coal",
	    "data": 0
      },
      {
        "item": "minecraft:coal",
	    "data": 1
      },
	  {
        "item": "thermalfoundation:material",
	    "data": 832
      },
	  {
        "item": "thermalfoundation:material",
	    "data": 833
      },
	  {
        "item": "thermalfoundation:material",
	    "data": 892
      },
	  {
        "item": "thermalfoundation:material",
	    "data": 1024
      },
	  {
        "type": "forge:ore_dict",
	    "ore": "blockCoal"
      },
	  {
        "type": "forge:ore_dict",
	    "ore": "blockCharcoal"
      },
	  {
        "type": "forge:ore_dict",
	    "ore": "fuelCoke"
      },
	  {
        "type": "forge:ore_dict",
	    "ore": "blockFuelCoke"
      },
      {
		"type": "ftgumod:fluid",
		"fluid": "lava"
      }
    ],
    "name": "fuel"
  },
  {
    "ingredient": [
	  "minecraft:bread",
	  "minecraft:cookie",
	  "minecraft:pumpkin_pie",
	  "minecraft:baked_potato",
	  "minecraft:rabbit_stew",
	  "minecraft:beetroot_soup",
	  "minecraft:mushroom_stew",
	  "alchemistry:mineral_salt",
	  "byg:cookedflesh",
	  "byg:cookedcarrot",
	  "byg:cookedspidereye",
	  "byg:pumpkinmash",
	  "byg:pumpkinbread",
	  "byg:blueberrypie",
	  "byg:greenapplepie",
	  "byg:strawberrypie",
	  "byg:carrotsoup",
	  "byg:spidereyesoup",
	  "xlfoodmod:flesh",
	  "xlfoodmod:beef_jerky",
	  "xlfoodmod:vanilla_cream",
	  "xlfoodmod:tomato_sauce",
	  "xlfoodmod:chocolate_syrup",
	  "xlfoodmod:hot_sauce",
	  "xlfoodmod:dough",
	  "xlfoodmod:cooked_dough",
	  "xlfoodmod:donut",
	  "xlfoodmod:sugar_donut",
	  "xlfoodmod:chocolate_donut",
	  "xlfoodmod:vanilla_donut",
	  "xlfoodmod:twinkie",
	  "xlfoodmod:crescent_roll",
	  "xlfoodmod:vanilla_cupcake",
	  "xlfoodmod:strawberry_cupcake",
	  "xlfoodmod:oreo_cupcake",
	  "xlfoodmod:chocolate_cupcake",
	  "xlfoodmod:oreo_cookie",
	  "xlfoodmod:raw_chicken_wing",
	  "xlfoodmod:spicy_chicken_wing",
	  "xlfoodmod:top_bun",
	  "xlfoodmod:bottom_bun",
	  "xlfoodmod:ground_beef",
	  "xlfoodmod:hamburger",
	  "xlfoodmod:cheeseburger",
	  "xlfoodmod:chickenburger",
	  "xlfoodmod:corn",
	  "xlfoodmod:corn_bread",
	  "xlfoodmod:pumpkin_stew",
	  "xlfoodmod:rice_bread",
	  "xlfoodmod:cheesy_bread",
	  "xlfoodmod:potato_bread",
	  "xlfoodmod:butter_rice",
	  "xlfoodmod:fried_rice",
	  "xlfoodmod:rice",
	  "xlfoodmod:butter",
	  "xlfoodmod:crouton",
	  "xlfoodmod:onion_rings",
	  "xlfoodmod:cheese_puff",
	  "xlfoodmod:fried_egg",
	  "xlfoodmod:ham",
	  "xlfoodmod:icecream_sandwich",
	  "xlfoodmod:strawberry_icecream_ball",
	  "xlfoodmod:chocolate_icecream_ball",
	  "xlfoodmod:vanilla_icecream_ball",
	  "xlfoodmod:icecream_cone",
	  "xlfoodmod:strawberry_icecream",
	  "xlfoodmod:chocolate_icecream",
	  "xlfoodmod:vanilla_icecream",
	  "xlfoodmod:bourbon_biscuit",
	  "xlfoodmod:chocolate",
	  "xlfoodmod:caramel_apple",
	  "xlfoodmod:vanilla_extract",
	  "xlfoodmod:salt",
	  {
        "item": "natura:materials",
	    "data": 1
      },
	  {
        "item": "natura:materials",
	    "data": 2
      },
	  {
        "item": "natura:soups",
	    "data": 9
      },
      {
		"type": "forge:ore_dict",
		"ore": "listAllmeatcooked"
      }
    ],
    "name": "cooking"
  },
  {
    "ingredient": [
	  "pristeel:prismarine_ore",
	  "minecraft:prismarine_shard",
	  "minecraft:prismarine_crystals",
      "minecraft:sea_lantern",
	  {
        "item": "minecraft:prismarine",
	    "data": 0 
      },
      {
        "item": "minecraft:prismarine",
		"data": 1
      },
      {
        "item": "minecraft:prismarine",
	    "data": 2 
      },
	  {
        "type": "forge:ore_dict",
		"ore": "prismarine"
      }
    ],
    "name": "prismarine"
  },
  {
    "ingredient": [
	  {
        "item": "minecraft:hardened_clay",
	    "data": 0
      },
	  {
        "item": "minecraft:stained_hardened_clay",
	    "data": 0
      },
	  {
        "item": "minecraft:stained_hardened_clay",
	    "data": 1
      },
	  {
        "item": "minecraft:stained_hardened_clay",
	    "data": 2
      },
	  {
        "item": "minecraft:stained_hardened_clay",
	    "data": 3
      },
	  {
        "item": "minecraft:stained_hardened_clay",
	    "data": 4
      },
	  {
        "item": "minecraft:stained_hardened_clay",
	    "data": 5
      },
	  {
        "item": "minecraft:stained_hardened_clay",
	    "data": 6
      },
	  {
        "item": "minecraft:stained_hardened_clay",
	    "data": 7
      },
	  {
        "item": "minecraft:stained_hardened_clay",
	    "data": 8
      },
	  {
        "item": "minecraft:stained_hardened_clay",
	    "data": 9
      },
	  {
        "item": "minecraft:stained_hardened_clay",
	    "data": 10
      },
	  {
        "item": "minecraft:stained_hardened_clay",
	    "data": 11
      },
	  {
        "item": "minecraft:stained_hardened_clay",
	    "data": 12
      },
	  {
        "item": "minecraft:stained_hardened_clay",
	    "data": 13
      },
	  {
        "item": "minecraft:stained_hardened_clay",
	    "data": 14
      },
	  {
        "item": "minecraft:stained_hardened_clay",
	    "data": 15
      },
      "minecraft:orange_glazed_terracotta",
      "minecraft:magenta_glazed_terracotta",
      "minecraft:light_blue_glazed_terracotta",
      "minecraft:yellow_glazed_terracotta",
      "minecraft:lime_glazed_terracotta",
      "minecraft:pink_glazed_terracotta",
      "minecraft:gray_glazed_terracotta",
      "minecraft:silver_glazed_terracotta",
      "minecraft:cyan_glazed_terracotta",
      "minecraft:purple_glazed_terracotta",
      "minecraft:blue_glazed_terracotta",
      "minecraft:brown_glazed_terracotta",
      "minecraft:green_glazed_terracotta",
      "minecraft:red_glazed_terracotta",
      "minecraft:black_glazed_terracotta"
    ],
    "name": "terracotta"
  },
  {
    "ingredient": [
      "minecraft:sign",
      "minecraft:ladder",
	  "minecraft:wooden_button",
	  "minecraft:wooden_pressure_plate",
	  "artisanworktables:artisans_cutting_board_wood",
	  "byg:woodenmortar",
	  "chesttransporter:chesttransporter",
	  "extrautils2:spike_wood",
      "glacidus:underground_planks",
      "glacidus:underground_ladder",
      "glacidus:underground_bucket",
	  "natura:redwood_button",
	  "natura:ghostwood_button",
	  "natura:bloodwood_button",
	  "natura:fusewood_button",
	  "natura:darkwood_button",
	  "natura:redwood_pressure_plate",
	  "natura:ghostwood_pressure_plate",
	  "natura:bloodwood_pressure_plate",
	  "natura:fusewood_pressure_plate",
	  "natura:darkwood_pressure_plate",
	  "openblocks:big_button_wood",
      "openblocks:ladder",
	  "wopper:wopper",
	  {
        "item": "extrautils2:decorativesolidwood",
	    "data": 1
      },
	  {
        "item": "extrautils2:decorativesolidwood",
	    "data": 2
      },
	  {
        "type": "forge:ore_dict",
	    "ore": "bowlWood"
      },
	  {
        "type": "forge:ore_dict",
	    "ore": "dustWood"
      },
	  {
        "type": "forge:ore_dict",
	    "ore": "logWood"
      },
	  {
        "type": "forge:ore_dict",
	    "ore": "plankWood"
      },
	  {
        "type": "forge:ore_dict",
	    "ore": "slabWood"
      },
	  {
        "type": "forge:ore_dict",
	    "ore": "stairWood"
      },
	  {
        "type": "forge:ore_dict",
	    "ore": "doorWood"
      },
	  {
        "type": "forge:ore_dict",
	    "ore": "trapdoorWood"
      },
	  {
        "type": "forge:ore_dict",
	    "ore": "fenceWood"
      },
	  {
        "type": "forge:ore_dict",
	    "ore": "fenceGateWood"
      },
	  {
        "type": "forge:ore_dict",
	    "ore": "craftingTableWood"
      },
	  {
        "type": "forge:ore_dict",
	    "ore": "chestWood"
      },
	  {
        "type": "forge:ore_dict",
	    "ore": "bookshelf"
      },
	  {
        "type": "forge:ore_dict",
	    "ore": "drawerBasic"
      }
    ],
    "name": "wood"
  }
]