[
  {
    "ingredient": [
      {
        "item": "minecraft:enchanted_book",
	    "data": 32767 
      },
      {
        "item": "minecraft:writable_book",
		"data": 0
      },
      {
        "item": "minecraft:written_book",
	    "data": 32767 
      },
	  {
        "item": "minecraft:book",
		"data": 0
      }
    ],
    "name": "book"
  }, 
  {
    "ingredient": [
 	  "minecraft:flint",
 	  "minecraft:bone",
      {
        "type": "forge:ore_dict",
		"ore": "cobblestone"
      },
	  {
        "type": "forge:ore_dict",
		"ore": "stone"
      },
	  {
        "type": "forge:ore_dict",
		"ore": "ingotIron"
      },
	  {
        "type": "forge:ore_dict",
		"ore": "ingotBronze"
      },
	  {
        "type": "forge:ore_dict",
		"ore": "ingotGold"
      },
	  {
        "type": "forge:ore_dict",
		"ore": "ingotLead"
      },
	  {
        "type": "forge:ore_dict",
		"ore": "ingotInvar"
      },
	  {
        "type": "forge:ore_dict",
		"ore": "ingotConstantan"
      },
	  {
        "type": "forge:ore_dict",
		"ore": "ingotSteel"
      },
	  {
        "type": "forge:ore_dict",
		"ore": "ingotPlatinum"
      },
	  {
        "type": "forge:ore_dict",
		"ore": "ingotIridium"
      }
    ],
    "name": "artisan"
  },
  {
    "ingredient": [
        "minecraft:bow",
		"natura:ghostwood_bow",
		"natura:bloodwood_bow",
		"natura:darkwood_bow",
		"natura:fusewood_bow",
		"redstonearsenal:tool.bow_flux",
		"thermalfoundation:tool.bow_iron",
		"thermalfoundation:tool.bow_gold",
		"thermalfoundation:tool.bow_diamond",
		"thermalfoundation:tool.bow_platinum",
		"thermalfoundation:tool.bow_steel",
		"thermalfoundation:tool.bow_electrum",
		"thermalfoundation:tool.bow_invar",
		"thermalfoundation:tool.bow_bronze",
		"thermalfoundation:tool.bow_constantan",
		"bonecraft:bonesworditem",
		"minecraft:iron_sword",
		"minecraft:golden_sword",
		"minecraft:diamond_sword",
		"pristeel:pristeel_sword",
		"glacidus:underground_sword",
		"glacidus:antinatric_sword",
		"glacidus:eukeite_sword",
		"glacidus:glacidite_sword",
		"byg:tamrelitesword",
		"byg:pendoritesword",
		"byg:kasaisword",
		"byg:lathariumsword",
		"natura:ghostwood_sword",
		"natura:bloodwood_sword",
		"natura:darkwood_sword",
		"natura:fusewood_sword",
		"natura:netherquartz_sword",
		"projectred-exploration:ruby_sword",
		"projectred-exploration:peridot_sword",
		"projectred-exploration:sapphire_sword",
		"vulcanite:vulcanite_sword",
		"thermalfoundation:tool.sword_platinum",
		"thermalfoundation:tool.sword_steel",
		"thermalfoundation:tool.sword_electrum",
		"thermalfoundation:tool.sword_invar",
		"thermalfoundation:tool.sword_bronze",
		"thermalfoundation:tool.sword_constantan",
		"redstonearsenal:tool.sword_flux",
		"extrautils2:compoundbow",
		{
			"type": "forge:ore_dict",
			"ore": "arrow"
		}
    ],
    "name": "weapon"
  },
  {
    "ingredient": [
      {
        "item": "extrautils2:ingredients",
	    "data": 1 
      },
      {
        "item": "redstonearsenal:material",
		"data": 96
      },
      {
        "item": "thermalfoundation:material",
	    "data": 24
      },
	  {
        "item": "thermalfoundation:material",
	    "data": 25
      },
	  {
        "item": "thermalfoundation:material",
	    "data": 26
      },
	  {
        "item": "thermalfoundation:material",
	    "data": 27
      },
	  {
        "item": "thermalfoundation:material",
	    "data": 256
      },
	  {
        "item": "thermalfoundation:material",
	    "data": 257
      },
	  {
        "item": "thermalfoundation:material",
	    "data": 258
      },
	  {
        "item": "thermalfoundation:material",
	    "data": 259
      },
	  {
        "item": "thermalfoundation:material",
	    "data": 260
      },
	  {
        "item": "thermalfoundation:material",
	    "data": 261
      },
	  {
        "item": "thermalfoundation:material",
	    "data": 262
      },
	  {
        "item": "thermalfoundation:material",
	    "data": 263
      },
	  {
        "item": "thermalfoundation:material",
	    "data": 264
      },
	  {
        "item": "thermalfoundation:material",
	    "data": 288
      },
	  {
        "item": "thermalfoundation:material",
	    "data": 289
      },
	  {
        "item": "thermalfoundation:material",
	    "data": 290
      },
	  {
        "item": "thermalfoundation:material",
	    "data": 291
      },
	  {
        "item": "thermalfoundation:material",
	    "data": 292
      },
	  {
        "item": "thermalfoundation:material",
	    "data": 293
      },
	  {
        "item": "thermalfoundation:material",
	    "data": 294
      },
	  {
        "item": "thermalfoundation:material",
	    "data": 295
      }
    ],
    "name": "gear"
  },
  {
    "ingredient": [
      {
        "item": "ceramics:unfired_clay",
	    "data": 9 
      },
	  {
        "item": "dse:armorplate",
	    "data": 0 
      }, 
	  {
        "item": "dse:armorplate",
	    "data": 1 
      },
	  {
        "item": "dse:armorplate",
	    "data": 2
      }, 
	  {
        "item": "dse:armorplate",
	    "data": 3
      },
	  {
        "item": "dse:armorplate",
	    "data": 4
      }, 
	  {
        "item": "dse:armorplate",
	    "data": 5
      },
	  {
        "item": "dse:armorplate",
	    "data": 6
      }, 
	  {
        "item": "dse:armorplate",
	    "data": 7
      },
	  {
        "item": "dse:armorplate",
	    "data": 8
      },
	  {
        "type": "forge:ore_dict",
	    "ore": "plateIron" 
      },
	  {
        "type": "forge:ore_dict",
	    "ore": "plateGold" 
      },
	  {
        "type": "forge:ore_dict",
	    "ore": "plateCopper" 
      },
	  {
        "type": "forge:ore_dict",
	    "ore": "plateTin" 
      },
	  {
        "type": "forge:ore_dict",
	    "ore": "plateBronze" 
      },
	  {
        "type": "forge:ore_dict",
	    "ore": "plateSilver" 
      },
	  {
        "type": "forge:ore_dict",
	    "ore": "plateLead" 
      },
	  {
        "type": "forge:ore_dict",
	    "ore": "plateAluminum" 
      },
	  {
        "type": "forge:ore_dict",
	    "ore": "plateNickel" 
      },
	  {
        "type": "forge:ore_dict",
	    "ore": "platePlatinum" 
      },
	  {
        "type": "forge:ore_dict",
	    "ore": "plateIridium" 
      },
	  {
        "type": "forge:ore_dict",
	    "ore": "plateMithril" 
      },
	  {
        "type": "forge:ore_dict",
	    "ore": "plateSteel" 
      },
	  {
        "type": "forge:ore_dict",
	    "ore": "plateElectrum" 
      },
	  {
        "type": "forge:ore_dict",
	    "ore": "plateInvar" 
      },
	  {
        "type": "forge:ore_dict",
	    "ore": "plateConstantan" 
      },
	  {
        "type": "forge:ore_dict",
	    "ore": "plateSignalum" 
      },
	  {
        "type": "forge:ore_dict",
	    "ore": "plateLumium" 
      },
	  {
        "type": "forge:ore_dict",
	    "ore": "plateEnderium" 
      },
	  {
        "type": "forge:ore_dict",
	    "ore": "plateDenseIron" 
      },
	  {
        "type": "forge:ore_dict",
	    "ore": "plateDenseSteel" 
      }
    ],
    "name": "plate"
  },
  {
    "ingredient": [
	  "jjcoin:gold_coin",
	  "projectred-exploration:golden_sickle",
	  "extrautils2:goldenlasso",
      "minecraft:gold_ore",
      "minecraft:gold_block",
      "minecraft:gold_ingot",
      "minecraft:gold_nugget",
	  "minecraft:golden_sword",
	  "minecraft:golden_pickaxe",
	  "minecraft:golden_shovel",
	  "minecraft:golden_hoe",
	  "minecraft:golden_axe",
	  "minecraft:golden_helmet",
	  "minecraft:golden_chestplate",
	  "minecraft:golden_leggings",
	  "minecraft:golden_boots",
	  "minecraft:golden_horse_armor",
	  "furnaceoverhaul:gold_furnace",
	  "furnaceoverhaul:gold_kit",
	  "multitools:universaltool_gold",
	  "multitools:paxel_gold",
	  "openblocks:golden_egg",
	  "openblocks:golden_eye",
	  {
        "item": "alchemistry:element",
		"data": 79
      }
    ],
    "name": "gold"
  },
  {
    "ingredient": [ 
	  "minecraft:repeater",
	  "minecraft:comparator",
	  "minecraft:redstone_torch",
	  "minecraft:redstone_lamp",
	  "compactmachines3:redstonetunneltool", 
	  "extrautils2:redstonelantern",
	  {
        "item": "extrautils2:decorativeglass",
	    "data": 5
      }, 
	  {
        "item": "extrautils2:ingredients",
	    "data": 0
      }, 
	  {
        "item": "extrautils2:ingredients",
	    "data": 1
      },
	  {
        "item": "extrautils2:ingredients",
	    "data": 2
      }, 
	  {
        "item": "thermalfoundation:material",
	    "data": 512
      }, 
	  {
        "type": "forge:ore_dict",
	    "ore": "oreRedstone"
      },
	  {
        "type": "forge:ore_dict",
	    "ore": "dustRedstone"
      },
	  {
        "type": "forge:ore_dict",
	    "ore": "blockRedstone"
      },
	  {
		"type": "ftgumod:fluid",
		"fluid": "redstone"
	  }
    ],
    "name": "redstone"
  },
  {
    "ingredient": [ 
	  "nibrockscoal:iron_coal",
	  "nibrockscoal:gold_coal",
	  "nibrockscoal:diamond_coal",
	  {
        "item": "thermalfoundation:material",
	    "data": 1024
      },
	  {
        "item": "thermalfoundation:material",
	    "data": 892
      },
	  {
        "item": "thermalfoundation:material",
	    "data": 833
      },
	  {
        "item": "thermalfoundation:material",
	    "data": 832
      },
	  {
        "type": "forge:ore_dict",
	    "ore": "fuelCoke"
      },
	  {
        "type": "forge:ore_dict",
	    "ore": "blockFuelCoke"
      },
	  {
        "type": "forge:ore_dict",
	    "ore": "blockCharcoal"
      },
	  {
        "type": "forge:ore_dict",
	    "ore": "blockCoal"
      },
      {
        "item": "minecraft:coal",
	    "data": 0
      },
      {
        "item": "minecraft:coal",
	    "data": 1
      },
	  {
        "item": "minicoal:minicoal",
	    "data": 0
      },
	  {
        "item": "minicoal:minicharcoal",
	    "data": 0
      },
      {
        "item": "minecraft:lava_bucket",
	    "data": 0
      },
	  {
        "item": "minecraft:blaze_rod",
	    "data": 0
      }
    ],
    "name": "fuel"
  },
  {
    "ingredient": [
	  "byg:carrotsoup",
	  "byg:cookedcarrot",
	  "byg:cookedspidereye",
	  "byg:blueberrypie",
	  "byg:strawberrypie",
	  "byg:greenapplepie",
	  "byg:pumpkinmash",
	  "byg:pumpkinbread",
	  "minecraft:beetroot_soup",
	  "minecraft:rabbit_stew",
	  "minecraft:baked_potato",
	  "minecraft:cookie",
	  "minecraft:bread",
	  "minecraft:pumpkin_pie",
	  "minecraft:mushroom_stew",
	  "xlfoodmod:beef_jerky",
	  "xlfoodmod:vanilla_cream",
	  "xlfoodmod:tomato_sauce",
	  "xlfoodmod:chocolate_syrup",
	  "xlfoodmod:hot_sauce",
	  "xlfoodmod:dough",
	  "xlfoodmod:cooked_dough",
	  "xlfoodmod:donut",
	  "xlfoodmod:sugar_donut",
	  "xlfoodmod:chocolate_donut",
	  "xlfoodmod:vanilla_donut",
	  "xlfoodmod:twinkie",
	  "xlfoodmod:crescent_roll",
	  "xlfoodmod:vanilla_cupcake",
	  "xlfoodmod:strawberry_cupcake",
	  "xlfoodmod:oreo_cupcake",
	  "xlfoodmod:chocolate_cupcake",
	  "xlfoodmod:oreo_cookie",
	  "xlfoodmod:raw_chicken_wing",
	  "xlfoodmod:spicy_chicken_wing",
	  "xlfoodmod:top_bun",
	  "xlfoodmod:bottom_bun",
	  "xlfoodmod:ground_beef",
	  "xlfoodmod:hamburger",
	  "xlfoodmod:cheeseburger",
	  "xlfoodmod:chickenburger",
	  "xlfoodmod:corn",
	  "xlfoodmod:corn_bread",
	  "xlfoodmod:pumpkin_stew",
	  "xlfoodmod:rice_bread",
	  "xlfoodmod:cheesy_bread",
	  "xlfoodmod:potato_bread",
	  "xlfoodmod:butter_rice",
	  "xlfoodmod:fried_rice",
	  "xlfoodmod:rice",
	  "xlfoodmod:butter",
	  "xlfoodmod:crouton",
	  "xlfoodmod:onion_rings",
	  "xlfoodmod:cheese_puff",
	  "xlfoodmod:fried_egg",
	  "xlfoodmod:ham",
	  "xlfoodmod:icecream_sandwich",
	  "xlfoodmod:strawberry_icecream_ball",
	  "xlfoodmod:chocolate_icecream_ball",
	  "xlfoodmod:vanilla_icecream_ball",
	  "xlfoodmod:icecream_cone",
	  "xlfoodmod:strawberry_icecream",
	  "xlfoodmod:chocolate_icecream",
	  "xlfoodmod:vanilla_icecream",
	  "xlfoodmod:bourbon_biscuit",
	  "xlfoodmod:chocolate",
	  "xlfoodmod:caramel_apple",
	  "xlfoodmod:vanilla_extract",
	  {
        "item": "natura:materials",
	    "data": 1
      },
	  {
        "item": "natura:materials",
	    "data": 2
      },
	  {
        "item": "natura:soups",
	    "data": 9
      }
    ],
    "name": "cooking"
  },
  {
    "ingredient": [
      "minecraft:sea_lantern",
	  {
        "item": "minecraft:prismarine",
	    "data": 0 
      },
      {
        "item": "minecraft:prismarine",
		"data": 1
      },
      {
        "item": "minecraft:prismarine",
	    "data": 2 
      },
	  {
        "item": "minecraft:prismarine_shard",
		"data": 0
      },
	  {
        "item": "minecraft:prismarine_crystals",
		"data": 0
      },
	  {
        "item": "pristeel:prismarine_ore",
		"data": 0
      },
	  {
        "type": "forge:ore_dict",
		"ore": "prismarine"
      }
    ],
    "name": "prismarine"
  },
  {
    "ingredient": [
	  {
        "item": "minecraft:hardened_clay",
	    "data": 0
      },
	  {
        "item": "minecraft:stained_hardened_clay",
	    "data": 0
      },
	  {
        "item": "minecraft:stained_hardened_clay",
	    "data": 1
      },
	  {
        "item": "minecraft:stained_hardened_clay",
	    "data": 2
      },
	  {
        "item": "minecraft:stained_hardened_clay",
	    "data": 3
      },
	  {
        "item": "minecraft:stained_hardened_clay",
	    "data": 4
      },
	  {
        "item": "minecraft:stained_hardened_clay",
	    "data": 5
      },
	  {
        "item": "minecraft:stained_hardened_clay",
	    "data": 6
      },
	  {
        "item": "minecraft:stained_hardened_clay",
	    "data": 7
      },
	  {
        "item": "minecraft:stained_hardened_clay",
	    "data": 8
      },
	  {
        "item": "minecraft:stained_hardened_clay",
	    "data": 9
      },
	  {
        "item": "minecraft:stained_hardened_clay",
	    "data": 10
      },
	  {
        "item": "minecraft:stained_hardened_clay",
	    "data": 11
      },
	  {
        "item": "minecraft:stained_hardened_clay",
	    "data": 12
      },
	  {
        "item": "minecraft:stained_hardened_clay",
	    "data": 13
      },
	  {
        "item": "minecraft:stained_hardened_clay",
	    "data": 14
      },
	  {
        "item": "minecraft:stained_hardened_clay",
	    "data": 15
      },
      "minecraft:orange_glazed_terracotta",
      "minecraft:magenta_glazed_terracotta",
      "minecraft:light_blue_glazed_terracotta",
      "minecraft:yellow_glazed_terracotta",
      "minecraft:lime_glazed_terracotta",
      "minecraft:pink_glazed_terracotta",
      "minecraft:gray_glazed_terracotta",
      "minecraft:silver_glazed_terracotta",
      "minecraft:cyan_glazed_terracotta",
      "minecraft:purple_glazed_terracotta",
      "minecraft:blue_glazed_terracotta",
      "minecraft:brown_glazed_terracotta",
      "minecraft:green_glazed_terracotta",
      "minecraft:red_glazed_terracotta",
      "minecraft:black_glazed_terracotta"
    ],
    "name": "terracotta"
  },
  {
    "ingredient": [
	  {
        "type": "forge:ore_dict",
	    "ore": "dustWood"
      },
	  {
        "type": "forge:ore_dict",
	    "ore": "logWood"
      },
	  {
        "type": "forge:ore_dict",
	    "ore": "plankWood"
      },
	  {
        "type": "forge:ore_dict",
	    "ore": "slabWood"
      },
	  {
        "type": "forge:ore_dict",
	    "ore": "stairWood"
      },
	  {
        "type": "forge:ore_dict",
	    "ore": "doorWood"
      },
	  {
        "type": "forge:ore_dict",
	    "ore": "fenceWood"
      },
	  {
        "type": "forge:ore_dict",
	    "ore": "fenceGateWood"
      },
	  {
        "type": "forge:ore_dict",
	    "ore": "craftingTableWood"
      },
	  {
        "type": "forge:ore_dict",
	    "ore": "chestWood"
      }
    ],
    "name": "wood"
  }
]