{
  "display": {
    "icon": {
      "item": "storagetech:diskworkbench"
    },
    "title": {
      "text": "Advanced Storage Compression"
    },
    "description": {
      "text": "I could improve my storage disks, if only I had a specialized workbench..."
    },
    "x": 4,
    "y": 2
  },
	"parent": "cyborg:technology/storage_compression",
	"idea": {
		"amount": 3,
		"ingredients": [
			"#gold",
			"#gear",
			"#plate",
			"#redstone",
			"refinedstorage:storage_housing",
			{
				"item": "extrautils2:ingredients",
				"data": 11
			},
			{
				"item": "refinedstorage:processor",
				"data": 32767
			},
			{
				"item": "refinedstorage:core",
				"data": 32767
			},
			{
				"item": "refinedstorage:storage_part",
				"data": 32767
			},
			{
				"item": "refinedstorage:fluid_storage_part",
				"data": 32767
			},
			{
				"item": "artisanworktables:worktable",
				"data": 5
			},
			{
				"item": "artisanworktables:workstation",
				"data": 5
			},
			{
				"type": "forge:ore_dict",
				"ore": "artisansHammer"
			},
			{
				"type": "forge:ore_dict",
				"ore": "artisansChisel"
			}
		]
	},
	"research": {
		"type": "ftgumod:match",
		"pattern": [
			"GRG",
			"RSR",
			"III"
		],
		"key": {
			"I": {
				"item": [
					{
						"type": "forge:ore_dict",
						"ore": "blockIron"
					},
					{
						"type": "forge:ore_dict",
						"ore": "ingotIron"
					},
					{
						"type": "forge:ore_dict",
						"ore": "nuggetIron"
					},
					{
						"type": "forge:ore_dict",
						"ore": "blockBronze"
					},
					{
						"type": "forge:ore_dict",
						"ore": "ingotBronze"
					},
					{
						"type": "forge:ore_dict",
						"ore": "nuggetBronze"
					},
					{
						"type": "forge:ore_dict",
						"ore": "blockQuartz"
					},
					{
						"type": "forge:ore_dict",
						"ore": "gemQuartz"
					}
				],
				"hint": {
					"text": "Disk Support"
				},
				"decipher": {
					"decipher": {
						"block": "minecraft:quartz_block",
						"data": 0
					},
					"hint": "Should be able to contain the raw data."
				}
			},
				"G": {
				"item": [
					{
						"item": "ceramics:unfired_clay",
						"data": 9
					},
					{
						"type": "forge:ore_dict",
						"ore": "blockGlass"
					},
					{
						"type": "forge:ore_dict",
						"ore": "paneGlass"
					},
					{
						"item": "extrautils2:decorativeglass",
						"data": 0
					},
					{
						"item": "extrautils2:decorativeglass",
						"data": 1
					},
					{
						"item": "extrautils2:decorativeglass",
						"data": 2
					},
					{
						"item": "extrautils2:decorativeglass",
						"data": 3
					},
					{
						"item": "extrautils2:decorativeglass",
						"data": 4
					},
					{
						"item": "extrautils2:decorativeglass",
						"data": 5
					},
					{
						"item": "natura:nether_glass",
						"data": 0
					},
					{
						"item": "natura:nether_glass",
						"data": 1
					}
				],
				"hint": {
					"text": "Lightweight Disk Covering"
				},
				"decipher": {
					"decipher": {
						"block": "minecraft:glass",
						"data": 0
					},
					"hint": "Should be lightweight, but also sturdy enough."
				}
			},
				"S": {
				"item": [
					"contenttweaker:faulty_circuit",
					{
						"item": "cyberware:component",
						"data": 3
					},
					{
						"type": "forge:ore_dict",
						"ore": "circuitBasic"
					},
					{
						"type": "forge:ore_dict",
						"ore": "circuitAdvanced"
					},
					{
						"type": "forge:ore_dict",
						"ore": "circuitElite"
					},
					{
						"type": "forge:ore_dict",
						"ore": "itemSilicon"
					}
				],
				"hint": {
					"text": "Data Storage System"
				}
			},
				"R": {
				"item": [
					"#gold",
					"#redstone",
					{
						"type": "forge:ore_dict",
						"ore": "blockElectrotine"
					},
					{
						"type": "forge:ore_dict",
						"ore": "ingotElectrotineAlloy"
					},
					{
						"type": "forge:ore_dict",
						"ore": "dustElectrotine"
					},
					{
						"type": "forge:ore_dict",
						"ore": "itemSilicon"
					},
					{
						"type": "forge:ore_dict",
						"ore": "gemQuartz"
					},
					{
						"type": "forge:ore_dict",
						"ore": "ingotIron"
					}
				],
				"hint": {
					"text": "Electrical Disk Internals"
				},
				"decipher": {
					"decipher": {
						"block": "minecraft:redstone_block",
						"data": 0
					},
					"hint": "Should be reactive enough to contain the data."
				}
			}
		}
	},
	"unlock": [
			{
				"type": "gamestages:stage",
				"stage": "advanced_storage_compression",
				"message": "Updating recipe archives....update complete."
			}
		]
}