{
	"display": {
		"icon": {
				"item": "openmodularturrets:turret_base"
		},
		"title": {
			"text": "Base Defenses"
		},
		"description": {
			"text": "I'll need to be able to construct some defensive structures to ward off the plague's victims. But what to use....?"
		},
		"x": -2,
		"y": 0
	},
	"parent": "cyborg:technology/technology",
	"idea": {
		"amount": 3,
		"ingredients": [
				"#weapon",
				"#terracotta",
				"minecraft:tnt",
				"nhc:energypearl",
				"minecraft:quartz",
				"minecraft:gunpowder",
				"minecraft:ender_pearl",
				"thermalexpansion:capacitor",
				{
				"item": "minecraft:stonebrick",
				"data": 0
				},
				{
				"item": "minecraft:stonebrick",
				"data": 1
				},
				{
				"item": "minecraft:stonebrick",
				"data": 2
				},
				{
				"item": "minecraft:stonebrick",
				"data": 3
				},
				{
				"item": "minecraft:stone_slab",
				"data": 5
				},
				{
				"type": "forge:ore_dict",
				"ore": "obsidian"
				},
				{
				"type": "forge:ore_dict",
				"ore": "cobblestone"
				},
				{
				"type": "forge:ore_dict",
				"ore": "stone"
				},
				{
				"type": "forge:ore_dict",
				"ore": "bars"
				},
				{
				"item": "minecraft:concrete",
				"data": 32767
				},
				{
				"item": "minecraft:concrete_powder",
				"data": 32767
				},
				{
				"type": "forge:ore_dict",
				"ore": "ingotIron"
				},
				{
				"type": "forge:ore_dict",
				"ore": "ingotGold"
				},
				{
				"type": "forge:ore_dict",
				"ore": "ingotSteel"
				},
				{
				"type": "forge:ore_dict",
				"ore": "ingotInvar"
				},
				{
				"type": "forge:ore_dict",
				"ore": "gemDiamond"
				},
				{
				"type": "forge:ore_dict",
				"ore": "ingotBronze"
				},
				{
				"type": "forge:ore_dict",
				"ore": "dustRedstone"
				},
				{
				"type": "forge:ore_dict",
				"ore": "artisansHammer"
				},
				{
				"type": "forge:ore_dict",
				"ore": "artisansPliers"
				},
				{
				"type": "forge:ore_dict",
				"ore": "artisansCutters"
				},
				{
				"type": "forge:ore_dict",
				"ore": "artisansSpanner"
				},
				{
				"type": "forge:ore_dict",
				"ore": "artisansSolderer"
				}
		]
	},
	"research": {
		"type": "ftgumod:match",
		"pattern": [
			"SSS",
			"SLS",
			"SSS"
		],
		"key": {
			"S": {
				"item": [
					{
					"type": "forge:ore_dict",
					"ore": "blockIron"
					},
					{
					"type": "forge:ore_dict",
					"ore": "ingotIron"
					},
					{
					"type": "forge:ore_dict",
					"ore": "blockSteel"
					},
					{
					"type": "forge:ore_dict",
					"ore": "ingotSteel"
					},
					{
					"type": "forge:ore_dict",
					"ore": "blockBronze"
					},
					{
					"type": "forge:ore_dict",
					"ore": "ingotBronze"
					},
					{
					"type": "forge:ore_dict",
					"ore": "blockInvar"
					},
					{
					"type": "forge:ore_dict",
					"ore": "ingotInvar"
					},
					{
					"type": "forge:ore_dict",
					"ore": "blockLead"
					},
					{
					"type": "forge:ore_dict",
					"ore": "ingotLead"
					},
					{
					"type": "forge:ore_dict",
					"ore": "blockPlatinum"
					},
					{
					"type": "forge:ore_dict",
					"ore": "ingotPlatinum"
					},
					{
					"type": "forge:ore_dict",
					"ore": "blockIridium"
					},
					{
					"type": "forge:ore_dict",
					"ore": "ingotIridium"
					},
					{
					"type": "forge:ore_dict",
					"ore": "blockMithril"
					},
					{
					"type": "forge:ore_dict",
					"ore": "ingotMithril"
					}
				],
				"hint": {
					"text": "Strong Shell"
				}
			},
			"L": {
				"item": [
					"byg:crate",
					"projectred-exploration:barrel",
					"enderstorage:ender_storage",
					"minecraft:chest_minecart",
					"thermalexpansion:strongbox",
					"rftools:storage_module_tablet",
					"rftools:modular_storage",
					{
					"type": "forge:ore_dict",
					"ore": "chest"
					},
					{
					"type": "forge:ore_dict",
					"ore": "drawerBasic"
					},
					{
					"item": "multistorage:stone_storage",
					"data": 32767
					},
					{
					"item": "refinedstorage:storage",
					"data": 32767
					},
					{
					"item": "refinedstorage:storage_disk",
					"data": 32767
					},
					{
					"item": "rftools:storage_module",
					"data": 32767
					}
				],
				"hint": {
					"text": "Loot Storage"
				}
			}
		}
	},
	"unlock": [
		{
            "type": "gamestages:stage",
            "stage": "base_defense",
            "message": "Updating recipe archives....update complete."
        }
	]
}