{
  "display": {
    "icon": {
      "item": "minecraft:comparator"
    },
    "title": {
      "text": "Technology"
    },
    "description": {
      "text": "Delving into more advanced technologies is sure to be beneficial. I don't have much left over in my data banks. I should start by analyzing the basic ones I can already create."
    },
    "x": 0,
    "y": 0
  },
  "idea": {
    "amount": 3,
    "ingredients": [
		"wopper:wopper",
		"minecraft:hopper",
		"minecraft:noteblock",
		"minecraft:tripwire_hook",
		"minecraft:redstone_torch",
		"minecraft:wooden_button",
		"minecraft:stone_button",
		"minecraft:lever",
		"minecraft:stone_pressure_plate",
		"minecraft:wooden_pressure_plate",
		"minecraft:iron_door",
		"minecraft:iron_trapdoor",
		"minecraft:trapdoor",
		"minecraft:dispenser",
		"minecraft:dropper",
		"minecraft:redstone_lamp",
		"minecraft:comparator",
		"minecraft:repeater",
		"minecraft:activator_rail",
		"minecraft:detector_rail",
		"minecraft:golden_rail",
		"minecraft:rail",
		"minecraft:minecart",
		"minecraft:chest_minecart",
		"minecraft:hopper_minecart",
		"minecraft:furnace_minecart",
		"minecraft:repeater",
		"minecraft:comparator",
		"minecraft:redstone_torch",
		{
			"type": "forge:ore_dict",
			"ore": "dustRedstone"
		},
		{
			"type": "forge:ore_dict",
			"ore": "blockRedstone"
		},
		{
			"type": "forge:ore_dict",
			"ore": "doorWood"
		},
		{
			"type": "forge:ore_dict",
			"ore": "fenceGateWood"
		}
    ]
  },
  "unlock": [
	"minecraft:sticky_piston",
	"minecraft:piston",
	"minecraft:dispenser",
	"minecraft:dropper",
	"minecraft:observer",
	"faufil:hopperfilter",
	"faufil:hopperpipe",
	"faufil:faucet",
    "minecraft:redstone_lamp",
	"minecraft:comparator",
	"minecraft:repeater",
	"minecraft:daylight_detector",
	"minecraft:light_weighted_pressure_plate",
	"minecraft:heavy_weighted_pressure_plate"
  ]
}