{
  "name": "Introduction",
  "quests": [
    {
      "uuid": "a05f89d5-99c1-4178-8648-d406fe75e9ca",
      "name": "Repairs",
      "description": "These chests are quite interesting.\n\nThey\u0027ll repair anything inside of them.\n\nThe Guild should take a look at this technology.",
      "x": 142,
      "y": 86,
      "icon": {
        "id": "repairchests:basic_chest",
        "Count": 1
      },
      "tasks": [
        {
          "type": "DETECT",
          "description": "Basic",
          "longDescription": "Seems to repair one damage every 10 seconds",
          "items": [
            {
              "item": {
                "id": "repairchests:basic_chest",
                "Count": 1
              }
            }
          ]
        }
      ],
      "reputationrewards": [
        {
          "reputation": "ba7f21d4-cbc9-4206-b1be-4853d2ecdee0",
          "value": 10
        },
        {
          "reputation": "ba1934d5-54c2-41ab-8c56-58e0c8353c2d",
          "value": 5
        }
      ],
      "prerequisites": [
        "e6c4c4ca-2194-47d9-bf5e-3e8341119e93"
      ],
      "optionlinks": [],
      "reward": [
        {
          "id": "create:mechanical_crafter",
          "Count": 2
        },
        {
          "id": "hardcorequesting:good_bag",
          "Count": 1
        },
        {
          "id": "create:cogwheel",
          "Count": 3
        }
      ],
      "rewardchoice": [],
      "commandrewards": []
    },
    {
      "uuid": "71f0f488-964c-415e-82bc-33f83f185831",
      "name": "Smelting",
      "description": "Heat it up and melt it all.\n\nAny kind of furnace should work for now.",
      "x": 113,
      "y": 86,
      "icon": {
        "id": "minecraft:furnace",
        "Count": 1
      },
      "tasks": [
        {
          "type": "CRAFT",
          "description": "Basic Furnace",
          "longDescription": "I\u0027m sure this could be improved later on.",
          "items": [
            {
              "item": {
                "id": "minecraft:furnace",
                "Count": 1
              },
              "precision": "TAG_NBT_FUZZY"
            }
          ]
        }
      ],
      "reputationrewards": [
        {
          "reputation": "ba7f21d4-cbc9-4206-b1be-4853d2ecdee0",
          "value": 2
        }
      ],
      "prerequisites": [
        "2b79f745-e69b-4917-856e-7b96fbefb0ca"
      ],
      "optionlinks": [],
      "reward": [
        {
          "id": "create:andesite_alloy",
          "Count": 3
        },
        {
          "id": "create:cogwheel",
          "Count": 1
        },
        {
          "id": "minecraft:experience_bottle",
          "Count": 1
        }
      ],
      "rewardchoice": [],
      "commandrewards": []
    },
    {
      "uuid": "f01b993d-c83a-4b4b-b46f-9c0c3a1788a4",
      "name": "Crafting",
      "description": "Gotta have more space to craft bigger stuff.",
      "x": 63,
      "y": 83,
      "icon": {
        "id": "minecraft:crafting_table",
        "Count": 1
      },
      "tasks": [
        {
          "type": "CRAFT",
          "description": "Craft the Crafter",
          "longDescription": "I heard you like crafting, so....",
          "items": [
            {
              "item": {
                "id": "minecraft:crafting_table",
                "Count": 1
              }
            }
          ]
        }
      ],
      "prerequisites": [
        "9e19bb61-7a40-4825-b472-1eb6544cf8fa"
      ],
      "optionlinks": [],
      "reward": [
        {
          "id": "xpcoins:copper_coin",
          "Count": 1
        }
      ],
      "rewardchoice": [],
      "commandrewards": []
    },
    {
      "uuid": "e17f410f-8070-4292-8cc6-2ea44430d648",
      "name": "Draconic Mining",
      "description": "Ancient hellish beasts slowly died in this place, leaving behind small fragments of their power.",
      "x": 196,
      "y": 37,
      "icon": {
        "id": "netherrocks:dragonstone_pickaxe",
        "Count": 1,
        "tag": {
          "Damage": 0
        }
      },
      "trigger": "ANTI_TRIGGER",
      "tasks": [
        {
          "type": "DETECT",
          "description": "The best around.",
          "longDescription": "The fragments are actually sizable, but small compared to what they came from.",
          "items": [
            {
              "item": {
                "id": "netherrocks:dragonstone_pickaxe",
                "Count": 1,
                "tag": {
                  "Damage": 0
                }
              },
              "precision": "TAG_NBT_FUZZY"
            }
          ]
        }
      ],
      "reputationrewards": [
        {
          "reputation": "ba7f21d4-cbc9-4206-b1be-4853d2ecdee0",
          "value": 20
        },
        {
          "reputation": "9de6ac93-d5a7-4d03-a65f-8078b9ea420b",
          "value": 25
        },
        {
          "reputation": "ba1934d5-54c2-41ab-8c56-58e0c8353c2d",
          "value": 20
        }
      ],
      "prerequisites": [
        "e6c4c4ca-2194-47d9-bf5e-3e8341119e93"
      ],
      "optionlinks": [],
      "reward": [
        {
          "id": "hardcorequesting:legendary_bag",
          "Count": 1
        },
        {
          "id": "hardcorequesting:epic_bag",
          "Count": 1
        },
        {
          "id": "xpcoins:golden_coin",
          "Count": 1
        }
      ],
      "rewardchoice": [],
      "commandrewards": []
    },
    {
      "uuid": "aed9e7ec-f18f-4d06-b2ea-cc1c8b49f9c9",
      "name": "Death.",
      "description": "Great job, kid. You died.\n\nJust swim *over* the lava next time, duh!",
      "x": 158,
      "y": 119,
      "icon": {
        "id": "minecraft:skeleton_skull",
        "Count": 1
      },
      "trigger": "TASK_TRIGGER",
      "triggertasks": 1,
      "tasks": [
        {
          "type": "DEATH",
          "description": "Die.",
          "longDescription": "Huh....weird how that happens, ain\u0027t it?",
          "deaths": 3
        }
      ],
      "reputationrewards": [
        {
          "reputation": "ba1934d5-54c2-41ab-8c56-58e0c8353c2d",
          "value": -15
        }
      ],
      "prerequisites": [],
      "optionlinks": [],
      "reward": [
        {
          "id": "minecraft:bone",
          "Count": 9
        },
        {
          "id": "minecraft:golden_apple",
          "Count": 3
        }
      ],
      "rewardchoice": [],
      "commandrewards": []
    },
    {
      "uuid": "c1790015-0faf-41f0-a70b-b6a1f0bb732d",
      "name": "XP Grinding",
      "description": "If you want some more unique experiences, try this reactor.",
      "x": 82,
      "y": 19,
      "icon": {
        "id": "xpbioreactor:xp_bioreactor",
        "Count": 1
      },
      "tasks": [
        {
          "type": "CRAFT",
          "description": "Reaction",
          "longDescription": "This will grind several kinds of items down.",
          "items": [
            {
              "item": {
                "id": "xpbioreactor:xp_bioreactor",
                "Count": 1
              }
            }
          ]
        }
      ],
      "reputationrewards": [
        {
          "reputation": "ba7f21d4-cbc9-4206-b1be-4853d2ecdee0",
          "value": 5
        }
      ],
      "prerequisites": [
        "2b79f745-e69b-4917-856e-7b96fbefb0ca"
      ],
      "optionlinks": [],
      "reward": [
        {
          "id": "hardcorequesting:greater_bag",
          "Count": 1
        }
      ],
      "rewardchoice": [],
      "commandrewards": []
    },
    {
      "uuid": "c50cefef-67e6-4b88-a07d-f03730e8993e",
      "name": "Welcome to Hell!",
      "description": "Welp, no clue how ya got here.\n\nBut conveniently, this guidebook was laying nearby.\n\nPerhaps this happens more often than one would assume?",
      "x": 22,
      "y": 15,
      "bigicon": true,
      "icon": {
        "id": "minecraft:netherrack",
        "Count": 1
      },
      "tasks": [
        {
          "type": "DETECT",
          "description": "Yup, you\u0027re in hell",
          "longDescription": "I can\u0027t change the starting reputation unless I do something like this, but you\u0027re meant to be at -50 or so before the pack begins.",
          "items": [
            {
              "item": {
                "id": "hardcorequesting:quest_book",
                "Count": 1
              },
              "precision": "TAG_NBT_FUZZY"
            }
          ]
        }
      ],
      "reputationrewards": [
        {
          "reputation": "ba1934d5-54c2-41ab-8c56-58e0c8353c2d",
          "value": -50
        }
      ],
      "prerequisites": [],
      "optionlinks": [],
      "reward": [
        {
          "id": "xpcoins:copper_coin",
          "Count": 1
        }
      ],
      "rewardchoice": [],
      "commandrewards": [
        "/tellraw @p {\"text\":\"This book is magically linked to the authors. They should help you throughout your journey.\", \"color\":\"red\"}",
        "/xpbioreactor seeds false",
        "/advancement grant @a only minecraft:nether/root"
      ]
    },
    {
      "uuid": "bdfd03aa-b4e5-4a34-b485-97636af7f30c",
      "name": "Creeping Food",
      "description": "Securing a basic food source is essential for early survival.\n\nThis \"wallcreep\" seems suited for that.",
      "x": 27,
      "y": 104,
      "icon": {
        "id": "comfortable_nether:wallcreep_bulb",
        "Count": 1,
        "tag": {
          "temperature": 0
        }
      },
      "tasks": [
        {
          "type": "DETECT",
          "description": "Mill it Down",
          "longDescription": "This stuff seems to grow slowly over time.... it could be farmable if so.",
          "items": [
            {
              "item": {
                "id": "comfortable_nether:wallcreep_bulb",
                "Count": 1,
                "tag": {
                  "temperature": 0
                }
              },
              "required": 4
            }
          ]
        }
      ],
      "reputationrewards": [
        {
          "reputation": "ba1934d5-54c2-41ab-8c56-58e0c8353c2d",
          "value": 5
        }
      ],
      "prerequisites": [
        "9e19bb61-7a40-4825-b472-1eb6544cf8fa"
      ],
      "optionlinks": [],
      "reward": [
        {
          "id": "hardcorequesting:good_bag",
          "Count": 1
        }
      ],
      "rewardchoice": [
        {
          "id": "comfortable_nether:warped_rotten_wrap",
          "Count": 2
        },
        {
          "id": "comfortable_nether:crimson_rotten_wrap",
          "Count": 2
        }
      ],
      "commandrewards": []
    },
    {
      "uuid": "e6c4c4ca-2194-47d9-bf5e-3e8341119e93",
      "name": "Better Mining",
      "description": "Iron is strong and sturdy.\n\nShould make for good tools \u0026 armour.",
      "x": 142,
      "y": 53,
      "icon": {
        "id": "minecraft:iron_pickaxe",
        "Count": 1,
        "tag": {
          "Damage": 0
        }
      },
      "tasks": [
        {
          "type": "CRAFT",
          "description": "It\u0027s better",
          "items": [
            {
              "item": {
                "id": "minecraft:iron_pickaxe",
                "Count": 1,
                "tag": {
                  "Damage": 0
                }
              },
              "precision": "TAG_NBT_FUZZY"
            }
          ]
        }
      ],
      "reputationrewards": [
        {
          "reputation": "ba7f21d4-cbc9-4206-b1be-4853d2ecdee0",
          "value": 3
        }
      ],
      "prerequisites": [
        "2b79f745-e69b-4917-856e-7b96fbefb0ca"
      ],
      "optionlinks": [],
      "reward": [
        {
          "id": "minecraft:gold_nugget",
          "Count": 5
        }
      ],
      "rewardchoice": [],
      "commandrewards": []
    },
    {
      "uuid": "4b4b48e7-1383-4fc2-ba2e-eba96deee79a",
      "name": "Coinage",
      "description": "The mind\u0027s experiences could be compressed down into some kind of token, or coin.\n\nWith the right technology, you could store an entire lifetime inside of your palm.",
      "x": 17,
      "y": 80,
      "icon": {
        "id": "xpcoins:coin_press",
        "Count": 1
      },
      "trigger": "ANTI_TRIGGER",
      "tasks": [
        {
          "type": "DETECT",
          "description": "Raw Press",
          "longDescription": "After this is crafted, you must then refine it under great heat and pressure.",
          "items": [
            {
              "item": {
                "id": "xpcoins:uncured_coin_press",
                "Count": 1
              }
            }
          ]
        },
        {
          "type": "DETECT",
          "description": "The Press",
          "longDescription": "This is the proper press. Now, you may begin to store your life.",
          "items": [
            {
              "item": {
                "id": "xpcoins:coin_press",
                "Count": 1
              }
            }
          ]
        },
        {
          "type": "CONSUME",
          "description": "Example",
          "longDescription": "Just to prove you know how it works.",
          "items": [
            {
              "item": {
                "id": "xpcoins:copper_coin",
                "Count": 1
              }
            }
          ]
        }
      ],
      "reputationrewards": [
        {
          "reputation": "ba7f21d4-cbc9-4206-b1be-4853d2ecdee0",
          "value": 10
        },
        {
          "reputation": "9de6ac93-d5a7-4d03-a65f-8078b9ea420b",
          "value": 5
        },
        {
          "reputation": "ba1934d5-54c2-41ab-8c56-58e0c8353c2d",
          "value": 3
        }
      ],
      "prerequisites": [
        "fece7d3b-bb28-4966-b07e-9fef0049cc6b"
      ],
      "optionlinks": [],
      "reward": [
        {
          "id": "create:mechanical_crafter",
          "Count": 3
        },
        {
          "id": "hardcorequesting:greater_bag",
          "Count": 1
        }
      ],
      "rewardchoice": [],
      "commandrewards": [
        "/tellraw @p {\"text\":\"Enemies may occasionally drop a fragment of their experiences.\", \"color\":\"green\"}"
      ]
    },
    {
      "uuid": "bf4d2914-c389-4426-bd44-33ba435db534",
      "name": "Rocky Teleportation",
      "description": "These are a new invention, made by our friends at the Engineering Guild.\n\nThey will allow you to convert your past experiences to raw teleportation energy.",
      "x": 173,
      "y": 19,
      "icon": {
        "id": "waystones:waystone",
        "Count": 1
      },
      "tasks": [
        {
          "type": "DETECT",
          "description": "Basic Waystone",
          "longDescription": "We probably won\u0027t use them, but you are welcome to do so.",
          "items": [
            {
              "item": {
                "id": "waystones:waystone",
                "Count": 1
              },
              "precision": "TAG_NBT_FUZZY"
            }
          ]
        }
      ],
      "reputationrewards": [
        {
          "reputation": "ba7f21d4-cbc9-4206-b1be-4853d2ecdee0",
          "value": 10
        }
      ],
      "prerequisites": [
        "e6c4c4ca-2194-47d9-bf5e-3e8341119e93"
      ],
      "optionlinks": [],
      "reward": [
        {
          "id": "hardcorequesting:good_bag",
          "Count": 2
        }
      ],
      "rewardchoice": [
        {
          "id": "waystones:waystone",
          "Count": 1
        },
        {
          "id": "waystones:mossy_waystone",
          "Count": 1
        },
        {
          "id": "waystones:sandy_waystone",
          "Count": 1
        },
        {
          "id": "waystones:sharestone",
          "Count": 1
        }
      ],
      "commandrewards": []
    },
    {
      "uuid": "ae7657be-20d7-4ac5-8d0e-973cf784010f",
      "name": "Basic Mining",
      "description": "Since you managed to find some wood, the next step is to make some tools.",
      "x": 82,
      "y": 53,
      "icon": {
        "id": "minecraft:wooden_pickaxe",
        "Count": 1,
        "tag": {
          "Damage": 0
        }
      },
      "tasks": [
        {
          "type": "CRAFT",
          "description": "Quite basic.",
          "longDescription": "Wood be great if there was something better early on.",
          "items": [
            {
              "item": {
                "id": "minecraft:wooden_pickaxe",
                "Count": 1,
                "tag": {
                  "Damage": 0
                }
              },
              "precision": "TAG_NBT_FUZZY"
            }
          ]
        }
      ],
      "prerequisites": [
        "f01b993d-c83a-4b4b-b46f-9c0c3a1788a4"
      ],
      "optionlinks": [],
      "reward": [
        {
          "id": "minecraft:gold_nugget",
          "Count": 1
        }
      ],
      "rewardchoice": [],
      "commandrewards": []
    },
    {
      "uuid": "4fe107d1-5317-437a-b8e8-708ce6361569",
      "name": "Trade Offer: Quartz for Iron",
      "description": "Although we don\u0027t yet consider you a true denizen of this realm, we can help if you trade materials with us.\n\nWe can\u0027t resupply that often (due to how rare iron is), but we should be able to trade every few days.",
      "x": 113,
      "y": 19,
      "icon": {
        "id": "minecraft:iron_ingot",
        "Count": 1
      },
      "repeat": {
        "type": "TIME",
        "days": 1,
        "hours": 0
      },
      "trigger": "ANTI_TRIGGER",
      "tasks": [
        {
          "type": "CONSUME",
          "description": "Payment",
          "longDescription": "Nether Quartz and Golden Nuggets are easy to come by, but dangerous to retrieve.\n\nIf you do the work for us, we\u0027ll pay you.",
          "items": [
            {
              "item": {
                "id": "minecraft:quartz",
                "Count": 8
              },
              "required": 8
            },
            {
              "item": {
                "id": "minecraft:gold_nugget",
                "Count": 16
              },
              "required": 16
            }
          ]
        }
      ],
      "reputationrewards": [
        {
          "reputation": "ba1934d5-54c2-41ab-8c56-58e0c8353c2d",
          "value": 2
        }
      ],
      "prerequisites": [
        "2b79f745-e69b-4917-856e-7b96fbefb0ca"
      ],
      "optionlinks": [],
      "reward": [
        {
          "id": "minecraft:iron_ingot",
          "Count": 3
        }
      ],
      "rewardchoice": [],
      "commandrewards": []
    },
    {
      "uuid": "72f90323-53db-4c76-a270-912ef5672329",
      "name": "Endearing Eyes",
      "description": "These eyes....I don\u0027t like them.",
      "x": 219,
      "y": 52,
      "icon": {
        "id": "minecraft:ender_eye",
        "Count": 1
      },
      "trigger": "ANTI_TRIGGER",
      "tasks": [
        {
          "type": "DETECT",
          "description": "A Dozen",
          "longDescription": "But I - as a collector of rare \u0026 exotic things - love them!",
          "items": [
            {
              "item": {
                "id": "minecraft:ender_eye",
                "Count": 12
              },
              "required": 12
            }
          ]
        }
      ],
      "reputationrewards": [
        {
          "reputation": "9de6ac93-d5a7-4d03-a65f-8078b9ea420b",
          "value": 10
        },
        {
          "reputation": "ba1934d5-54c2-41ab-8c56-58e0c8353c2d",
          "value": -5
        }
      ],
      "prerequisites": [
        "7082514c-64e7-41a7-a544-39a0d9053a9f"
      ],
      "optionlinks": [],
      "reward": [
        {
          "id": "hardcorequesting:greater_bag",
          "Count": 1
        }
      ],
      "rewardchoice": [],
      "commandrewards": []
    },
    {
      "uuid": "2b79f745-e69b-4917-856e-7b96fbefb0ca",
      "name": "Slightly Less Basic Mining",
      "description": "You can use Blackstone to make stone tools.",
      "x": 113,
      "y": 53,
      "icon": {
        "id": "minecraft:stone_pickaxe",
        "Count": 1,
        "tag": {
          "Damage": 0
        }
      },
      "tasks": [
        {
          "type": "CRAFT",
          "description": "Bit less basic.",
          "longDescription": "Looks great!",
          "items": [
            {
              "item": {
                "id": "minecraft:stone_pickaxe",
                "Count": 1,
                "tag": {
                  "Damage": 0
                }
              },
              "precision": "TAG_NBT_FUZZY"
            }
          ]
        }
      ],
      "reputationrewards": [
        {
          "reputation": "ba7f21d4-cbc9-4206-b1be-4853d2ecdee0",
          "value": 2
        }
      ],
      "prerequisites": [
        "ae7657be-20d7-4ac5-8d0e-973cf784010f"
      ],
      "optionlinks": [],
      "reward": [
        {
          "id": "minecraft:gold_nugget",
          "Count": 3
        }
      ],
      "rewardchoice": [],
      "commandrewards": []
    },
    {
      "uuid": "c167418c-fac3-49cf-b763-874d7db53a12",
      "name": "Wrapped-Up Susitence",
      "description": "These flesh wraps are a common meal among the denizens of this place.\n\nNot very paletable, but it\u0027s better than starving.",
      "x": 51,
      "y": 104,
      "icon": {
        "id": "comfortable_nether:crimson_rotten_wrap",
        "Count": 1,
        "tag": {
          "temperature": 0
        }
      },
      "tasks": [
        {
          "type": "DETECT",
          "description": "Wrap it Up",
          "longDescription": "There are 2 kinds of wraps, though both are nearly identical (apart from taste).",
          "items": [
            {
              "item": {
                "id": "comfortable_nether:crimson_rotten_wrap",
                "Count": 1,
                "tag": {
                  "temperature": 0
                }
              },
              "precision": "NBT_FUZZY"
            },
            {
              "item": {
                "id": "comfortable_nether:warped_rotten_wrap",
                "Count": 1,
                "tag": {
                  "temperature": 0
                }
              },
              "precision": "NBT_FUZZY"
            }
          ]
        }
      ],
      "reputationrewards": [
        {
          "reputation": "ba1934d5-54c2-41ab-8c56-58e0c8353c2d",
          "value": 5
        }
      ],
      "prerequisites": [
        "9e19bb61-7a40-4825-b472-1eb6544cf8fa"
      ],
      "optionlinks": [],
      "reward": [
        {
          "id": "comfortable_nether:wallcreep",
          "Count": 1,
          "tag": {
            "temperature": 0
          }
        }
      ],
      "rewardchoice": [
        {
          "id": "hardcorequesting:basic_bag",
          "Count": 1,
          "tag": {
            "temperature": 0
          }
        },
        {
          "id": "xpcoins:copper_coin",
          "Count": 2
        }
      ],
      "commandrewards": []
    },
    {
      "uuid": "9e19bb61-7a40-4825-b472-1eb6544cf8fa",
      "name": "Woodn\u0027t you know it?",
      "description": "This is a special kind of fireproof fungus, though it has similar properties to regular wood.\n\nPS: The type of wood (Crimson or Warped) doesn\u0027t matter.",
      "x": 47,
      "y": 53,
      "icon": {
        "id": "minecraft:warped_stem",
        "Count": 1
      },
      "tasks": [
        {
          "type": "DETECT",
          "description": "Wood you kindly...",
          "longDescription": "...retrieve (or craft) a piece or two?",
          "items": [
            {
              "item": {
                "id": "minecraft:warped_stem",
                "Count": 1
              },
              "precision": "TAG_NBT_FUZZY"
            }
          ]
        }
      ],
      "reputationrewards": [
        {
          "reputation": "ba1934d5-54c2-41ab-8c56-58e0c8353c2d",
          "value": 1
        }
      ],
      "prerequisites": [
        "c50cefef-67e6-4b88-a07d-f03730e8993e"
      ],
      "optionlinks": [],
      "reward": [
        {
          "id": "xpcoins:copper_coin",
          "Count": 1
        }
      ],
      "rewardchoice": [],
      "commandrewards": []
    },
    {
      "uuid": "267d7b62-57e3-4f58-9ff7-43ac13179187",
      "name": "Betterer Mining",
      "description": "These gems make things work better, who knew?",
      "x": 173,
      "y": 53,
      "icon": {
        "id": "minecraft:diamond_pickaxe",
        "Count": 1,
        "tag": {
          "Damage": 0
        }
      },
      "tasks": [
        {
          "type": "DETECT",
          "description": "Gemtastic!",
          "longDescription": "Well I thought it was funny...",
          "items": [
            {
              "item": {
                "id": "minecraft:diamond_pickaxe",
                "Count": 1,
                "tag": {
                  "Damage": 0
                }
              },
              "precision": "TAG_NBT_FUZZY"
            }
          ]
        }
      ],
      "reputationrewards": [
        {
          "reputation": "ba7f21d4-cbc9-4206-b1be-4853d2ecdee0",
          "value": 5
        },
        {
          "reputation": "9de6ac93-d5a7-4d03-a65f-8078b9ea420b",
          "value": 10
        }
      ],
      "prerequisites": [
        "e6c4c4ca-2194-47d9-bf5e-3e8341119e93"
      ],
      "optionlinks": [],
      "reward": [
        {
          "id": "hardcorequesting:good_bag",
          "Count": 1
        },
        {
          "id": "xpcoins:copper_coin",
          "Count": 2
        }
      ],
      "rewardchoice": [],
      "commandrewards": []
    },
    {
      "uuid": "e5b77a0a-b0b4-4893-8148-39646f6e03ea",
      "name": "Hellraiser Hello",
      "description": "We\u0027re a smaller faction of piglins who haven\u0027t succumbed to the strange disease floating around here.\n\nWe\u0027re naturally wary of outsiders, so we tend to attack them sometimes.\n\nBut we will trade, if they give us what we need.",
      "x": 18,
      "y": 53,
      "icon": {
        "id": "curios:crown",
        "Count": 1,
        "tag": {
          "Damage": 0
        }
      },
      "trigger": "TASK_TRIGGER",
      "triggertasks": 1,
      "tasks": [
        {
          "type": "REPUTATION",
          "description": "\"Friendly\"",
          "longDescription": "Not quite the best place to be, but better than where you started.",
          "reputation": [
            {
              "reputation": "ba1934d5-54c2-41ab-8c56-58e0c8353c2d",
              "inverted": false,
              "lower": 2,
              "upper": 3
            }
          ]
        }
      ],
      "prerequisites": [
        "c50cefef-67e6-4b88-a07d-f03730e8993e"
      ],
      "optionlinks": [],
      "reward": [
        {
          "id": "hardcorequesting:good_bag",
          "Count": 2
        },
        {
          "id": "minecraft:gold_ingot",
          "Count": 8
        },
        {
          "id": "xpcoins:copper_coin",
          "Count": 3
        },
        {
          "id": "minecraft:written_book",
          "Count": 1,
          "tag": {
            "generation": 3,
            "pages": [
              "{\"text\":\"Hello, stranger.\\n\\nWelcome to our realm.\\n\\nWe don\u0027t yet consider you a \\\"friend\\\", but you are still a denizen of the realm.\\n\\nAs you further prove your skills, we will bestow more gifts upon you.\"}",
              "{\"text\":\"But for now, please take these trinkets as offerings of non-aggression.\"}"
            ],
            "title": "Greetings.",
            "author": "Hellraisers",
            "display": {}
          }
        }
      ],
      "rewardchoice": [],
      "commandrewards": []
    },
    {
      "uuid": "2f89e0ae-441f-40bc-a446-683b0f450e48",
      "name": "Fuel Compression",
      "description": "We don\u0027t do this very often, but those of us who are part of the Engineering Guild wanted to share this device with you.",
      "x": 88,
      "y": 86,
      "icon": {
        "id": "fuel_canister:fuel_canister",
        "Count": 1,
        "tag": {
          "Full": 1,
          "Fuel": 16384
        }
      },
      "trigger": "ANTI_TRIGGER",
      "tasks": [
        {
          "type": "DETECT",
          "description": "A Canister",
          "longDescription": "This marvelous device will store enough fuel to smelt 512 items!\n\nNot everything works with it though.",
          "items": [
            {
              "item": {
                "id": "fuel_canister:fuel_canister",
                "Count": 1,
                "tag": {
                  "Fuel": 0
                }
              },
              "precision": "TAG_NBT_FUZZY"
            }
          ]
        }
      ],
      "reputationrewards": [
        {
          "reputation": "ba7f21d4-cbc9-4206-b1be-4853d2ecdee0",
          "value": 5
        }
      ],
      "prerequisites": [
        "71f0f488-964c-415e-82bc-33f83f185831"
      ],
      "optionlinks": [],
      "reward": [
        {
          "id": "hardcorequesting:basic_bag",
          "Count": 2
        }
      ],
      "rewardchoice": [],
      "commandrewards": []
    },
    {
      "uuid": "1bcaefef-8b31-488d-a967-26782d4bccbb",
      "name": "Trade Offer: Quartz for Wood",
      "description": "Wood is quite essential, and we happen to have a surplus.\n\nWe\u0027re willing to trade some, if you want.",
      "x": 142,
      "y": 19,
      "icon": {
        "id": "minecraft:crimson_stem",
        "Count": 1
      },
      "repeat": {
        "type": "TIME",
        "days": 0,
        "hours": 6
      },
      "trigger": "ANTI_TRIGGER",
      "tasks": [
        {
          "type": "CONSUME",
          "description": "Payment",
          "longDescription": "It\u0027s not all that expensive either.\n\nBut we can only resupply every so often.",
          "items": [
            {
              "item": {
                "id": "minecraft:quartz",
                "Count": 8
              },
              "required": 8
            }
          ]
        }
      ],
      "reputationrewards": [
        {
          "reputation": "ba1934d5-54c2-41ab-8c56-58e0c8353c2d",
          "value": 3
        }
      ],
      "prerequisites": [
        "e6c4c4ca-2194-47d9-bf5e-3e8341119e93"
      ],
      "optionlinks": [],
      "reward": [
        {
          "id": "minecraft:crimson_stem",
          "Count": 4
        }
      ],
      "rewardchoice": [],
      "commandrewards": []
    },
    {
      "uuid": "9255a7c7-509e-4f13-9cbe-1a85143d0f60",
      "name": "Fast Mining",
      "description": "Cobalt is pretty fast, but not the most durable (still lasts a long time though)",
      "x": 173,
      "y": 85,
      "icon": {
        "id": "tconstruct:cobalt_ore",
        "Count": 1
      },
      "tasks": [
        {
          "type": "DETECT",
          "description": "Mine it faster!",
          "longDescription": "I swear there\u0027s another one like it....",
          "items": [
            {
              "item": {
                "id": "tconstruct:cobalt_ore",
                "Count": 1
              }
            }
          ]
        }
      ],
      "reputationrewards": [
        {
          "reputation": "ba7f21d4-cbc9-4206-b1be-4853d2ecdee0",
          "value": 5
        },
        {
          "reputation": "ba1934d5-54c2-41ab-8c56-58e0c8353c2d",
          "value": 5
        }
      ],
      "prerequisites": [
        "267d7b62-57e3-4f58-9ff7-43ac13179187"
      ],
      "optionlinks": [],
      "reward": [
        {
          "id": "create:mechanical_crafter",
          "Count": 1
        },
        {
          "id": "hardcorequesting:good_bag",
          "Count": 1
        }
      ],
      "rewardchoice": [],
      "commandrewards": []
    },
    {
      "uuid": "767c3970-83bd-4088-b89f-e707ff30352b",
      "name": "Great Mining",
      "description": "This brand-new beauty can mine just about everything, and lasts for a long time.",
      "x": 196,
      "y": 69,
      "icon": {
        "id": "minecraft:netherite_pickaxe",
        "Count": 1,
        "tag": {
          "Damage": 0
        }
      },
      "trigger": "ANTI_TRIGGER",
      "tasks": [
        {
          "type": "DETECT",
          "description": "Quite good.",
          "longDescription": "It\u0027s almost the best you can get.\n\nAlmost.",
          "items": [
            {
              "item": {
                "id": "minecraft:netherite_pickaxe",
                "Count": 1,
                "tag": {
                  "Damage": 0
                }
              },
              "precision": "TAG_NBT_FUZZY"
            }
          ]
        }
      ],
      "reputationrewards": [
        {
          "reputation": "ba7f21d4-cbc9-4206-b1be-4853d2ecdee0",
          "value": 10
        },
        {
          "reputation": "9de6ac93-d5a7-4d03-a65f-8078b9ea420b",
          "value": 5
        },
        {
          "reputation": "ba1934d5-54c2-41ab-8c56-58e0c8353c2d",
          "value": 10
        }
      ],
      "prerequisites": [
        "267d7b62-57e3-4f58-9ff7-43ac13179187"
      ],
      "optionlinks": [],
      "reward": [
        {
          "id": "hardcorequesting:legendary_bag",
          "Count": 1
        },
        {
          "id": "xpcoins:silver_coin",
          "Count": 1
        },
        {
          "id": "xpcoins:copper_coin",
          "Count": 5
        }
      ],
      "rewardchoice": [],
      "commandrewards": []
    },
    {
      "uuid": "868bdc59-ec77-4657-a6b0-068b76949ce0",
      "name": "Item Retention",
      "description": "Our mages could cast an Item Retention spell for you, if you wish.",
      "x": 158,
      "y": 156,
      "icon": {
        "id": "gravestone:gravestone",
        "Count": 1,
        "tag": {
          "temperature": 0.0
        }
      },
      "tasks": [
        {
          "type": "CONSUME",
          "description": "Payment",
          "longDescription": "They\u0027re more like \"spell catalysts\", but we will take the gold as payment.",
          "items": [
            {
              "item": {
                "id": "minecraft:gold_ingot",
                "Count": 1,
                "tag": {
                  "temperature": 0.0
                }
              },
              "required": 8,
              "precision": "TAG_NBT_FUZZY"
            },
            {
              "item": {
                "id": "byg:quartz_crystal",
                "Count": 1,
                "tag": {
                  "temperature": 0.0
                }
              },
              "required": 16,
              "precision": "TAG_NBT_FUZZY"
            },
            {
              "item": {
                "id": "gravestone:gravestone",
                "Count": 1,
                "tag": {
                  "temperature": 0.0
                }
              },
              "precision": "TAG_NBT_FUZZY"
            }
          ]
        }
      ],
      "reputationrewards": [
        {
          "reputation": "ba1934d5-54c2-41ab-8c56-58e0c8353c2d",
          "value": 5
        }
      ],
      "prerequisites": [
        "aed9e7ec-f18f-4d06-b2ea-cc1c8b49f9c9"
      ],
      "optionlinks": [],
      "reward": [
        {
          "id": "minecraft:written_book",
          "Count": 1,
          "tag": {
            "pages": [
              "{\"text\":\"We appriciate your patronage, and will consider you as a future ally.\\n\\nThe spell has been cast, and your items will now be retained upon death.\"}"
            ],
            "title": "Spell Cast",
            "author": "Hellraisers",
            "resolved": 1
          }
        }
      ],
      "rewardchoice": [],
      "commandrewards": [
        "/gamerule keepInventory true"
      ]
    }
  ],
  "reputationBar": [
    {
      "reputationId": "ba1934d5-54c2-41ab-8c56-58e0c8353c2d",
      "x": 22,
      "y": 135
    }
  ],
  "description": "Welcome to the nether!\n\nPlease enjoy your stay."
}