{
  "name": "Tribute",
  "quests": [
    {
      "uuid": "de811afc-671f-4856-ab5e-df901d902a9f",
      "name": "A Golden Discovery",
      "description": "This gold is quite shiny. I want some.",
      "x": 122,
      "y": 87,
      "icon": {
        "id": "minecraft:gold_ingot",
        "Count": 1
      },
      "tasks": [
        {
          "type": "CONSUME",
          "description": "Shiny!",
          "longDescription": "I just want to be shiny, ok?",
          "items": [
            {
              "item": {
                "id": "minecraft:gold_ingot",
                "Count": 1
              }
            }
          ]
        }
      ],
      "reputationrewards": [
        {
          "reputation": "ba1934d5-54c2-41ab-8c56-58e0c8353c2d",
          "value": 4
        }
      ],
      "prerequisites": [
        "e6c4c4ca-2194-47d9-bf5e-3e8341119e93"
      ],
      "optionlinks": [],
      "reward": [
        {
          "id": "xpcoins:copper_coin",
          "Count": 1
        }
      ],
      "rewardchoice": [],
      "commandrewards": []
    },
    {
      "uuid": "4ca92cb9-6e2c-46a8-ac9d-fe69ff4c1c6a",
      "name": "A Fiery Discovery",
      "description": "This metal is quite hot...and I would like some of it.",
      "x": 158,
      "y": 87,
      "icon": {
        "id": "netherrocks:fyrite_ingot",
        "Count": 1
      },
      "tasks": [
        {
          "type": "CONSUME",
          "description": "Hot Offering",
          "longDescription": "Funny, no?",
          "items": [
            {
              "item": {
                "id": "netherrocks:fyrite_ingot",
                "Count": 1
              }
            }
          ]
        }
      ],
      "reputationrewards": [
        {
          "reputation": "ba1934d5-54c2-41ab-8c56-58e0c8353c2d",
          "value": 5
        }
      ],
      "prerequisites": [
        "e6c4c4ca-2194-47d9-bf5e-3e8341119e93"
      ],
      "optionlinks": [],
      "reward": [
        {
          "id": "minecraft:coal",
          "Count": 3
        },
        {
          "id": "xpcoins:copper_coin",
          "Count": 1
        }
      ],
      "rewardchoice": [],
      "commandrewards": []
    }
  ],
  "reputationBar": [],
  "description": "It\u0027s only fair that whoever made this book gets some thanks."
}