{
	"display": {
		"icon": {
			"item": "artisanworktables:worktable",
			"data": 5
		},
		"title": {
			"text": "Basic Worktable"
		},
		"description": {
			"text": "I'll need to specialize my crafting areas, otherwise I can't do much. But firstly, something to craft them on (and with)."
		},
		"x": 0,
		"y": 2
	},
	"parent": "cyborg:crafting/primitive",
	"idea": {
		"amount": 2,
		"ingredients": [
			"#wood",
			"#artisan",
			{
				"type": "forge:ore_dict",
				"ore": "string"
			},
			{
				"type": "forge:ore_dict",
				"ore": "workbench"
			},
			{
				"type": "forge:ore_dict",
				"ore": "cobblestone"
			},
			{
				"type": "forge:ore_dict",
				"ore": "stone"
			}
		]
	},
	"unlock": [
		{
			"item": "artisanworktables:worktable",
			"data": 5
		},
		{
			"item": "artisanworktables:workstation",
			"data": 5
		},
		{
			"type": "forge:ore_dict",
			"ore": "artisansHammer"
		},
		{
			"type": "forge:ore_dict",
			"ore": "artisansCutters"
		}
	]
}