{
	"display": {
		"icon": {
			"item": "artisanworktables:worktable",
			"data": 5
		},
		"title": {
			"text": "Specialized Crafting"
		},
		"description": {
			"text": "I'll need to specialize my crafting areas, otherwise I can't do much. But firstly, something to craft them on (and with)."
		},
		"x": 0,
		"y": 2
	},
	"parent": "cyborg:crafting/crafting",
	"idea": {
		"amount": 2,
		"ingredients": [
			"#wood",
			"#stone",
			"#artisan",
			{
				"item": "bonecraft:bonepickaxeitem",
				"data": 32767
			},
			{
				"item": "bonecraft:boneaxeitem",
				"data": 32767
			},
			{
				"type": "forge:ore_dict",
				"ore": "workbench"
			}
		]
	},
	"unlock": [
		{
			"item": "artisanworktables:worktable",
			"data": 5
		},
		{
			"item": "artisanworktables:workstation",
			"data": 5
		},
		{
			"type": "forge:ore_dict",
			"ore": "artisansHammer"
		},
		{
			"type": "forge:ore_dict",
			"ore": "artisansCutters"
		}
	]
}