{
	"display": {
		"icon": {
			"item": "furnaceoverhaul:gold_furnace",
			"data": 0
		},
		"title": {
			"text": "Better Smelting"
		},
		"description": {
			"text": "I have a basic furnace to cook with, but I know I could improve it if I just had the proper materials..."
		},
		"x": 2,
		"y": -1
	},
	"parent": "cyborg:crafting/smelting",
	"idea": {
		"amount": 2,
		"ingredients": [
			"#fuel",
			"furnaceoverhaul:iron_kit",
			"furnaceoverhaul:iron_furnace",
			{
				"item": "alchemistry:element",
				"data": 79
			},
			{
				"type": "forge:ore_dict",
				"ore": "blockGlass"
			},
			{
				"type": "forge:ore_dict",
				"ore": "blockGold"
			},
			{
				"type": "forge:ore_dict",
				"ore": "ingotGold"
			},
			{
				"type": "forge:ore_dict",
				"ore": "nuggetGold"
			}
		]
	},
	"research": {
		"type": "ftgumod:match",
		"pattern": [
			" G ",
			"GFG",
			" G "
		],
		"key": {
			"G": {
				"item": [
					{
						"item": "alchemistry:element",
						"data": 79
					},
					{
						"type": "forge:ore_dict",
						"ore": "oreGold"
					},
					{
						"type": "forge:ore_dict",
						"ore": "blockGold"
					},
					{
						"type": "forge:ore_dict",
						"ore": "ingotGold"
					},
					{
						"type": "forge:ore_dict",
						"ore": "nuggetGold"
					},
					{
						"type": "forge:ore_dict",
						"ore": "gearGold"
					},
					{
						"type": "forge:ore_dict",
						"ore": "plateGold"
					}
				],
				"hint": {
					"text": "Gilded Improvements"
				},
				"decipher": {
					"decipher": {
						"block": "minecraft:gold_block",
						"data": 32767
					},
					"hint": "This would help trap the heat, thus speeding up the smelting process."
				}
			},
			"F": {
				"item": [
					"minecraft:furnace",
					"byg:netherfurnace",
					"natura:netherrack_furnace",
					"furnaceoverhaul:iron_furnace",
					{
						"item": "extrautils2:machine",
						"data": 0,
						"nbt": {"Type": "extrautils2:furnace"}
					},
					{
						"item": "extrautils2:machine",
						"data": 0,
						"nbt": {"Type": "extrautils2:generator"}
					},
					{
						"item": "thermalexpansion:machine",
						"data": 0
					},
					{
						"type": "forge:ore_dict",
						"ore": "blockRodBlaze"
					}
				],
				"hint": {
					"text": "Furnace Internals"
				},
				"decipher": {
					"decipher": {
						"block": "minecraft:furnace",
						"data": 32767
					},
					"hint": "Could be decent enough to serve as the basis..."
				}
			}
		}
	},
	"unlock": [
		"furnaceoverhaul:gold_furnace",
		"furnaceoverhaul:blank_upgrade",
		"furnaceoverhaul:gold_kit"
	]
}