{
	"display": {
		"icon": {
			"item": "artisanworktables:worktable",
			"data": 1
		},
		"title": {
			"text": "Carpentry"
		},
		"description": {
			"text": "I could manually saw some the wood nearby into Planks & Sawdust, but I'd need a proper worktable to do so..."
		},
		"x": 0,
		"y": 4
	},
	"parent": "cyborg:crafting/basic",
	"idea": {
		"amount": 2,
		"ingredients": [
			"#brick",
			"#wood",
			"#artisan",
			{
				"item": "artisanworktables:worktable",
				"data": 5
			},
			{
				"item": "artisanworktables:workstation",
				"data": 5
			},
			{
				"item": "microblockcbe:saw_stone",
				"data": 32767
			},
			{
				"item": "microblockcbe:saw_iron",
				"data": 32767
			},
			{
				"item": "microblockcbe:saw_diamond",
				"data": 32767
			},
			{
				"item": "projectred-exploration:golden_saw",
				"data": 32767
			},
			{
				"item": "projectred-exploration:ruby_saw",
				"data": 32767
			},
			{
				"item": "projectred-exploration:peridot_saw",
				"data": 32767
			},
			{
				"item": "projectred-exploration:sapphire_saw",
				"data": 32767
			},
			{
				"item": "thermalfoundation:material",
				"data": 657
			},
			{
				"type": "forge:ore_dict",
				"ore": "artisanHandsaw"
			},
			{
				"type": "forge:ore_dict",
				"ore": "artisansCutters"
			},
			{
				"type": "forge:ore_dict",
				"ore": "artisansKnife"
			},
			{
				"type": "ftgumod:fluid",
				"fluid": "water"
			}
		]
	},
	"unlock": [
		{
			"item": "artisanworktables:worktable",
			"data": 1
		},
		{
			"item": "thermalfoundation:material",
			"data": 800
		},
		{
			"item": "thermalfoundation:material",
			"data": 801
		}
	]
}