{
	"display": {
		"icon": {
			"item": "artisanworktables:worktable",
			"data": 1
		},
		"title": {
			"text": "Carpentry"
		},
		"description": {
			"text": "I could manually saw some the wood nearby into Planks & Sawdust, but I'd need a proper worktable to do so..."
		},
		"x": 1,
		"y": 3
	},
	"parent": "cyborg:crafting/basic",
	"idea": {
		"amount": 2,
		"ingredients": [
			"#wood",
			"#artisan",
			"minecraft:water_bucket",
			"microblockcbe:saw_stone",
			"microblockcbe:saw_iron",
			"microblockcbe:saw_diamond",
			"projectred-exploration:golden_saw",
			"projectred-exploration:ruby_saw",
			"projectred-exploration:peridot_saw",
			"projectred-exploration:sapphire_saw",
			{
				"item": "ceramics:clay_bucket",
				"data": 0,
				"nbt": {"fluids": { "FluidName": "water", "Amount": 1000}}
			},
			{
				"item": "thermalfoundation:material",
				"data": 657
			},
			{
				"type": "forge:ore_dict",
				"ore": "artisansHammer"
			},
			{
				"type": "forge:ore_dict",
				"ore": "artisansCutters"
			},
			{
				"type": "forge:ore_dict",
				"ore": "craftingTableWood"
			},
			{
				"type": "forge:ore_dict",
				"ore": "logWood"
			},
			{
				"type": "forge:ore_dict",
				"ore": "plankWood"
			},
			{
				"type": "forge:ore_dict",
				"ore": "slabWood"
			},
			{
				"type": "forge:ore_dict",
				"ore": "fenceWood"
			},
			{
				"type": "forge:ore_dict",
				"ore": "fenceGateWood"
			},
			{
				"type": "forge:ore_dict",
				"ore": "stickWood"
			}
		]
	},
	"unlock": [
		{
			"item": "artisanworktables:worktable",
			"data": 1
		},
		{
			"type": "forge:ore_dict",
			"ore": "artisansHandsaw"
		},
		{
			"item": "thermalfoundation:material",
			"data": 800
		},
		{
			"item": "thermalfoundation:material",
			"data": 801
		}
	]
}