{
	"display": {
		"icon": {
			"item": "artisanworktables:worktable",
			"data": 11
		},
		"title": {
			"text": "Fine Cuisine"
		},
		"description": {
			"text": "Food requires a place to prepare it. It's got to be sterile too, I don't want to get poisoned."
		},
		"x": 2,
		"y": 0
	},
	"parent": "cyborg:crafting/masonry",
	"idea": {
		"amount": 2,
		"ingredients": [
			"#wood",
			"#artisan",
			"#cooking",
			"minecraft:magma",
			"minecraft:furnace",
			"minecraft:magma_cream",
			"fuelcanister:empty_fuel_canister",
			"furnaceoverhaul:iron_furnace",
			"furnaceoverhaul:gold_furnace",
			"furnaceoverhaul:diamond_furnace",
			"furnaceoverhaul:emerald_furnace",
			"furnaceoverhaul:end_furnace",
			"furnaceoverhaul:iron_kit",
			"furnaceoverhaul:gold_kit",
			"furnaceoverhaul:diamond_kit",
			"furnaceoverhaul:emerald_kit",
			"furnaceoverhaul:end_kit",
			{
				"type": "ftgumod:fluid",
				"fluid": "lava"
			},
			{
				"item": "fuelcanister:fuel_canister",
				"data": 32767
			},
			{
				"item": "minecraft:stone_slab",
				"data": 32767
			},
			{
				"item": "ceramics:clay_slab",
				"data": 5
			},
			{
				"item": "ceramics:clay_hard",
				"data": 5
			},
			{
				"type": "forge:ore_dict",
				"ore": "artisansHandsaw"
			},
			{
				"type": "forge:ore_dict",
				"ore": "artisansFile"
			},
			{
				"item": "artisanworktables:worktable",
				"data": 5
			},
			{
				"item": "artisanworktables:workstation",
				"data": 5
			},
			{
				"type": "forge:ore_dict",
				"ore": "blockIron"
			},
			{
				"type": "forge:ore_dict",
				"ore": "logWood"
			},
			{
				"type": "forge:ore_dict",
				"ore": "stickWood"
			}
		]
	},
	"unlock": [
		{
			"item": "artisanworktables:worktable",
			"data": 11
		},
		{
			"item": "artisanworktables:workstation",
			"data": 11
		},
		{
			"type": "forge:ore_dict",
			"ore": "artisansCuttingBoard"
		},
		{
			"type": "forge:ore_dict",
			"ore": "artisansPan"
		},
		{
			"type": "forge:ore_dict",
			"ore": "artisansKnife"
		}
	]
}