{
	"display": {
		"icon": {
			"item": "artisanworktables:worktable",
			"data": 12
		},
		"title": {
			"text": "Designing"
		},
		"description": {
			"text": "To design more advanced structures, I'll need a big table for blueprints."
		},
		"x": 0,
		"y": 4
	},
	"parent": "cyborg:crafting/basic",
	"idea": {
		"amount": 2,
		"ingredients": [
			"#book",
			"#artisan",
			"minecraft:paper",
			"minecraft:brick_block",
			"minecraft:nether_brick",
			"openblocks:drawing_table",
			{
				"type": "forge:ore_dict",
				"ore": "bricksStone"
			},
			{
				"type": "forge:ore_dict",
				"ore": "dyeBlue"
			},
			{
				"type": "forge:ore_dict",
				"ore": "artisansPliers"
			},
			{
				"type": "forge:ore_dict",
				"ore": "artisansSolderer"
			},
			{
				"type": "forge:ore_dict",
				"ore": "artisansSpanner"
			},
			{
				"type": "forge:ore_dict",
				"ore": "artisansChisel"
			},
			{
				"item": "artisanworktables:worktable",
				"data": 6
			},
			{
				"item": "artisanworktables:workstation",
				"data": 6
			},
			{
				"item": "artisanworktables:workshop",
				"data": 6
			}
		]
	},
	"research": {
		"type": "ftgumod:match",
		"pattern": [
			"BRB",
			"STS",
			"S S"
		],
		"key": {
			"R": {
				"item": [
					"minecraft:book",
					"minecraft:paper",
					"akashictome:tome",
					"minecraft:writable_book",
					"minecraft:enchanted_book",
					"ftgumod:parchment_empty",
					"loreexpansion:lore_journal",
					{
						"item": "minecraft:written_book",
						"data": 32767
					},
					{
						"type": "forge:ore_dict",
						"ore": "bookshelf"
					},
					{
						"type": "forge:ore_dict",
						"ore": "bookshelfWood"
					}
				],
				"hint": {
					"text": "Knowledge Repository"
				},
				"decipher": {
					"decipher": {
						"block": "minecraft:bookshelf",
						"data": 0
					},
					"hint": "This holds quite a bit of knowledge.... it would make for a great place to store designs."
				}
			},
			"T": {
				"item": [
					{
						"item": "artisanworktables:worktable",
						"data": 3
					},
					{
						"item": "artisanworktables:workstation",
						"data": 3
					},
					{
						"item": "artisanworktables:worktable",
						"data": 6
					},
					{
						"item": "artisanworktables:workstation",
						"data": 6
					},
					{
						"item": "artisanworktables:workshop",
						"data": 6
					},
					"sct:stone_crafting_table"
				],
				"hint": {
					"text": "Sturdy Table Base"
				}
			},
			"S": {
				"item": [
					{
						"type": "forge:ore_dict",
						"ore": "stone"
					},
					{
						"type": "forge:ore_dict",
						"ore": "cobblestone"
					},
					{
						"type": "forge:ore_dict",
						"ore": "bricksStone"
					}
				],
				"hint": {
					"text": "Table Supports"
				},
				"decipher": {
					"decipher": {
						"block": "minecraft:stone",
						"data": 0
					},
					"hint": "Stone can support a decent amount."
				}
			},
			"B": {
				"item": [
					{
						"type": "forge:ore_dict",
						"ore": "dyeBlue"
					},
					{
						"type": "forge:ore_dict",
						"ore": "dyeCyan"
					},
					{
						"type": "forge:ore_dict",
						"ore": "dyeLightBlue"
					}
				],
				"hint": {
					"text": "Table Colouring"
			}
		}
	},
	"unlock": [
		{
			"item": "artisanworktables:worktable",
			"data": 12
		},
		{
			"item": "artisanworktables:workstation",
			"data": 12
		},
		{
			"item": "artisanworktables:workshop",
			"data": 12
		},
		"artisanworktables:design_pattern"
		]
	}
}