{
	"display": {
		"icon": {
			"item": "artisanworktables:worktable",
			"data": 6
		},
		"title": {
			"text": "Engineering"
		},
		"description": {
			"text": "I'm going to need to specialize my crafting areas, otherwise I can't do much. But first, something to craft them on (and with)."
		},
		"x": -2,
		"y": 0
	},
	"parent": "cyborg:crafting/smithing",
	"idea": {
		"amount": 3,
		"ingredients": [
			"#gear",
			"#book",
			"#artisan",
			"minecraft:paper",
			"minecraft:piston",
			"minecraft:dropper",
			"minecraft:repeater",
			"minecraft:redstone",
			"minecraft:redstone_ore",
			"minecraft:dispenser",
			"minecraft:comparator",
			"minecraft:sticky_piston",
			"minecraft:stone_button",
			"minecraft:redstone_block",
			"minecraft:stone_pressure_plate",
			"minecraft:light_weighted_pressure_plate",
			"minecraft:heavy_weighted_pressure_plate",
			"openblocks:big_button_wood",
			"openblocks:big_button",
			{
				"item": "extrautils2:ingredients",
				"data": 0
			},
			{
				"item": "projectred-core:resource_item",
				"data": 103
			},
			{
				"item": "projectred-core:resource_item",
				"data": 104
			},
			{
				"item": "projectred-core:resource_item",
				"data": 105
			},
			{
				"item": "projectred-core:resource_item",
				"data": 251
			},
			{
				"item": "projectred-core:resource_item",
				"data": 252
			},
			{
				"item": "projectred-core:resource_item",
				"data": 310
			},
			{
				"item": "projectred-core:resource_item",
				"data": 312
			},
			{
				"item": "projectred-core:resource_item",
				"data": 320
			},
			{
				"item": "projectred-core:resource_item",
				"data": 342
			},
			{
				"item": "projectred-exploration:stone",
				"data": 11
			},
			{
				"item": "projectred-exploration:stone_wall",
				"data": 11
			},
			{
				"item": "projectred-exploration:ore",
				"data": 6
			},
			{
				"type": "forge:ore_dict",
				"ore": "artisansHammer"
			},
			{
				"type": "forge:ore_dict",
				"ore": "artisansCutters"
			},
			{
				"item": "artisanworktables:worktable",
				"data": 3
			},
			{
				"item": "artisanworktables:workstation",
				"data": 3
			},
			{
				"type": "forge:ore_dict",
				"ore": "fenceWood"
			},
			{
				"type": "forge:ore_dict",
				"ore": "fenceGateWood"
			},
			{
				"type": "forge:ore_dict",
				"ore": "door"
			},
			{
				"type": "forge:ore_dict",
				"ore": "trapdoor"
			},
			{
				"type": "forge:ore_dict",
				"ore": "buttonWood"
			},
			{
				"type": "forge:ore_dict",
				"ore": "pressurePlateWood"
			},
			{
				"type": "forge:ore_dict",
				"ore": "obsidian"
			},
			{
				"type": "forge:ore_dict",
				"ore": "oreIron"
			},
			{
				"type": "forge:ore_dict",
				"ore": "dustIron"
			},
			{
				"type": "forge:ore_dict",
				"ore": "blockSteel"
			},
			{
				"type": "forge:ore_dict",
				"ore": "ingotSteel"
			},
			{
				"type": "forge:ore_dict",
				"ore": "nuggetSteel"
			},
			{
				"type": "forge:ore_dict",
				"ore": "dustSteel"
			},
			{
				"type": "forge:ore_dict",
				"ore": "blockBronze"
			},
			{
				"type": "forge:ore_dict",
				"ore": "ingotBronze"
			},
			{
				"type": "forge:ore_dict",
				"ore": "nuggetBronze"
			},
			{
				"type": "forge:ore_dict",
				"ore": "dustBronze"
			},
			{
				"type": "forge:ore_dict",
				"ore": "blockInvar"
			},
			{
				"type": "forge:ore_dict",
				"ore": "ingotInvar"
			},
			{
				"type": "forge:ore_dict",
				"ore": "nuggetInvar"
			},
			{
				"type": "forge:ore_dict",
				"ore": "dustInvar"
			}
		]
	},
	"research": {
		"type": "ftgumod:match",
		"pattern": [
			"III",
			"WTW",
			"S S"
		],
		"key": {
			"I": {
				"item": [
					{
						"type": "forge:ore_dict",
						"ore": "oreIron"
					},
					{
						"type": "forge:ore_dict",
						"ore": "blockIron"
					},
					{
						"type": "forge:ore_dict",
						"ore": "ingotIron"
					},
					{
						"type": "forge:ore_dict",
						"ore": "nuggetIron"
					},
					{
						"type": "forge:ore_dict",
						"ore": "blockSteel"
					},
					{
						"type": "forge:ore_dict",
						"ore": "ingotSteel"
					},
					{
						"type": "forge:ore_dict",
						"ore": "nuggetSteel"
					}
				],
				"hint": {
					"text": "Table Surface"
				},
				"decipher": {
					"decipher": {
						"block": "minecraft:iron_block",
						"data": 0
					},
					"hint": "Iron is quite surdy... would be a good surface to hammer and solder things on."
				}
			},
			"W": {
				"item": [
					{
						"type": "forge:ore_dict",
						"ore": "logWood"
					},
					{
						"type": "forge:ore_dict",
						"ore": "plankWood"
					},
					{
						"type": "forge:ore_dict",
						"ore": "fenceWood"
					},
					{
						"type": "forge:ore_dict",
						"ore": "fenceGateWood"
					},
					{
						"type": "forge:ore_dict",
						"ore": "stickWood"
					}
				],
				"hint": {
					"text": "Basic Supports"
				},
				"decipher": {
					"decipher": {
						"block": "minecraft:log",
						"data": 32767
					},
					"hint": "Wood is an okay reinforcement, at times."
				}
			},
			"S": {
				"item": [
					{
						"type": "forge:ore_dict",
						"ore": "blockSteel"
					},
					{
						"type": "forge:ore_dict",
						"ore": "blockIron"
					},
					{
						"type": "forge:ore_dict",
						"ore": "cobblestone"
					},
					{
						"type": "forge:ore_dict",
						"ore": "bricksStone"
					},
					{
						"type": "forge:ore_dict",
						"ore": "stone"
					}
				],
				"hint": {
					"text": "Sturdy Supports"
				},
				"decipher": {
					"decipher": {
						"block": "minecraft:stone",
						"data": 0
					},
					"hint": "Stone can support a decent amount."
				}
			},
			"T": {
				"item": [
					"openblocks:drawing_table",
					{
						"item": "artisanworktables:worktable",
						"data": 3
					},
					{
						"item": "artisanworktables:workstation",
						"data": 3
					},
					{
						"item": "artisanworktables:worktable",
						"data": 5
					},
					{
						"item": "artisanworktables:workstation",
						"data": 5
					},
					{
						"item": "artisanworktables:worktable",
						"data": 12
					},
					{
						"item": "artisanworktables:workstation",
						"data": 12
					},
					{
						"item": "artisanworktables:workshop",
						"data": 12
					},
					{
						"type": "forge:ore_dict",
						"ore": "workbench"
					},
					{
						"type": "forge:ore_dict",
						"ore": "craftingTableWood"
					}
				],
				"hint": {
					"text": "Table Base"
				}
			}
		}
	},
	"unlock": [
		{
			"item": "artisanworktables:worktable",
			"data": 6
		},
		{
			"item": "artisanworktables:workstation",
			"data": 6
		},
		{
			"item": "artisanworktables:workshop",
			"data": 6
		},
		{
			"type": "forge:ore_dict",
			"ore": "artisansPliers"
		},
		{
			"type": "forge:ore_dict",
			"ore": "artisansSolderer"
		},
		{
			"type": "forge:ore_dict",
			"ore": "artisansSpanner"
		}
	]
}