{
	"display": {
		"icon": {
			"item": "artisanworktables:worktable",
			"data": 6
		},
		"title": {
			"text": "Engineering"
		},
		"description": {
			"text": "I'm going to need to specialize my crafting areas, otherwise I can't do much. But first, something to craft them on (and with)."
		},
		"x": -2,
		"y": 0
	},
	"parent": "cyborg:crafting/smithing",
	"idea": {
		"amount": 3,
		"ingredients": [
			"#bronze",
			"#invar",
			"#steel",
			"#iron",
			"#tech",
			"#book",
			"#wood",
			"#artisan",
			"#redstone",
			"#electrotine",
			{
				"item": "artisanworktables:worktable",
				"data": 3
			},
			{
				"item": "artisanworktables:workstation",
				"data": 3
			},
			{
				"item": "artisanworktables:worktable",
				"data": 5
			},
			{
				"item": "artisanworktables:workstation",
				"data": 5
			},
			{
				"type": "forge:ore_dict",
				"ore": "artisansHammer"
			},
			{
				"type": "forge:ore_dict",
				"ore": "artisansSolderer"
			},
			{
				"type": "forge:ore_dict",
				"ore": "artisansCutters"
			}
		]
	},
	"research": {
		"type": "ftgumod:match",
		"pattern": [
			"AAA",
			"WTW",
			"S S"
		],
		"key": {
			"A": {
				"item": [
					"#iron",
					"#steel"
				],
				"hint": {
					"text": "Table Surface"
				},
				"decipher": {
					"decipher": {
						"block": "minecraft:iron_block",
						"data": 32767
					},
					"hint": "Iron is quite surdy... would make a good surface to hammer and solder things on."
				}
			},
			"W": {
				"item": [
					"#wood",
					"#stone"
				],
				"hint": {
					"text": "Basic Supports"
				},
				"decipher": {
					"decipher": {
						"block": "minecraft:log",
						"data": 32767
					},
					"hint": "Wood is an okay reinforcement, at times."
				}
			},
			"S": {
				"item": [
					"#iron",
					"#steel",
					"#stone",
					"minecraft:clay",
					"minecraft:brick",
					"minecraft:clay_ball",
					"minecraft:brick_block",
					"minecraft:netherbrick",
					"minecraft:nether_brick"
				],
				"hint": {
					"text": "Sturdy Supports"
				},
				"decipher": {
					"decipher": {
						"block": "minecraft:stone",
						"data": 32767
					},
					"hint": "Stone can support a decent amount of weight & pressure."
				}
			},
			"T": {
				"item": [
					"openblocks:drawing_table",
					{
						"item": "artisanworktables:worktable",
						"data": 3
					},
					{
						"item": "artisanworktables:workstation",
						"data": 3
					},
					{
						"item": "artisanworktables:worktable",
						"data": 5
					},
					{
						"item": "artisanworktables:workstation",
						"data": 5
					},
					{
						"item": "artisanworktables:worktable",
						"data": 12
					},
					{
						"item": "artisanworktables:workstation",
						"data": 12
					},
					{
						"item": "artisanworktables:workshop",
						"data": 12
					},
					{
						"type": "forge:ore_dict",
						"ore": "workbench"
					}
				],
				"hint": {
					"text": "Table Base"
				}
			}
		}
	},
	"unlock": [
		{
			"item": "artisanworktables:worktable",
			"data": 6
		},
		{
			"item": "artisanworktables:workstation",
			"data": 6
		},
		{
			"item": "artisanworktables:workshop",
			"data": 6
		}
	]
}