{
	"display": {
		"icon": {
			"item": "furnaceoverhaul:iron_furnace",
			"data": 0
		},
		"title": {
			"text": "Improved Smelting"
		},
		"description": {
			"text": "Until I can build a proper kitchen, I need to at least cook my food first."
		},
		"x": 2,
		"y": 0
	},
	"parent": "cyborg:crafting/basic",
	"idea": {
		"amount": 2,
		"ingredients": [
			"#fuel",
			"#iron",
			"#steel",
			"minecraft:furnace",
			"furnaceoverhaul:blank_kit",
			"natura:netherrack_furnace"
		]
	},
	"unlock": [
		"fuelcanister:empty_fuel_canister",
		"furnaceoverhaul:iron_furnace",
		"furnaceoverhaul:iron_kit"
	]
}