{
	"display": {
		"icon": {
			"item": "furnaceoverhaul:diamond_furnace",
			"data": 0
		},
		"title": {
			"text": "Improved Smelting"
		},
		"description": {
			"text": "Infusing a furnace with gemstones is sure to make it faster."
		},
		"x": 3,
		"y": -1
	},
	"parent": "cyborg:crafting/better_smelting",
	"idea": {
		"amount": 3,
		"ingredients": [
			"#fuel",
			"furnaceoverhaul:gold_kit",
			"furnaceoverhaul:gold_furnace",
			{
				"type": "forge:ore_dict",
				"ore": "blockGlass"
			},
			{
				"type": "forge:ore_dict",
				"ore": "oreDiamond"
			},
			{
				"type": "forge:ore_dict",
				"ore": "blockDiamond"
			},
			{
				"type": "forge:ore_dict",
				"ore": "gemDiamond"
			},
			{
				"type": "forge:ore_dict",
				"ore": "nuggetDiamond"
			},
			{
				"type": "forge:ore_dict",
				"ore": "gearEmerald"
			},
			{
				"type": "forge:ore_dict",
				"ore": "oreEmerald"
			},
			{
				"type": "forge:ore_dict",
				"ore": "blockEmerald"
			},
			{
				"type": "forge:ore_dict",
				"ore": "gemEmerald"
			},
			{
				"type": "forge:ore_dict",
				"ore": "nuggetEmerald"
			}
		]
	},
	"research": {
		"type": "ftgumod:match",
		"pattern": [
			"GGG",
			"GFG",
			"GGG"
		],
		"key": {
			"G": {
				"item": [
					{
						"item": "dse:armorplate",
						"data": 1
					},
					{
						"type": "forge:ore_dict",
						"ore": "gearDiamond"
					},
					{
						"type": "forge:ore_dict",
						"ore": "oreDiamond"
					},
					{
						"type": "forge:ore_dict",
						"ore": "blockDiamond"
					},
					{
						"type": "forge:ore_dict",
						"ore": "gemDiamond"
					},
					{
						"type": "forge:ore_dict",
						"ore": "nuggetDiamond"
					},
					{
						"type": "forge:ore_dict",
						"ore": "gearEmerald"
					},
					{
						"type": "forge:ore_dict",
						"ore": "oreEmerald"
					},
					{
						"type": "forge:ore_dict",
						"ore": "blockEmerald"
					},
					{
						"type": "forge:ore_dict",
						"ore": "gemEmerald"
					},
					{
						"type": "forge:ore_dict",
						"ore": "nuggetEmerald"
					}
				],
				"hint": {
					"text": "Gemstone Upgrades"
				},
				"decipher": {
					"decipher": {
						"block": "minecraft:emerald_block",
						"data": 0
					},
					"hint": "This would help trap the heat, thus speeding up the smelting process."
				}
			},
			"F": {
				"item": [
					"minecraft:furnace",
					"byg:netherfurnace",
					"natura:netherrack_furnace",
					"furnaceoverhaul:iron_furnace",
					"furnaceoverhaul:gold_furnace",
					{
						"item": "extrautils2:machine",
						"data": 0,
						"nbt": {"Type": "extrautils2:furnace"}
					},
					{
						"item": "thermalexpansion:machine",
						"data": 0
					},
					{
						"type": "forge:ore_dict",
						"ore": "blockRodBlaze"
					}
				],
				"hint": {
					"text": "Furnace Internals"
				},
				"decipher": {
					"decipher": {
						"block": "minecraft:furnace",
						"data": 32767
					},
					"hint": "Could be decent enough to serve as the basis..."
				}
			}
		}
	},
	"unlock": [
		"furnaceoverhaul:diamond_furnace",
		"furnaceoverhaul:emerald_furnace",
		"furnaceoverhaul:diamond_kit",
		"furnaceoverhaul:emerald_kit"
	]
}