{
	"display": {
		"icon": {
			"item": "artisanworktables:worktable",
			"data": 2
		},
		"title": {
			"text": "Masonry"
		},
		"description": {
			"text": "If I am to build anything long-lasting, I'll need a proper place to chisel and shape the blocks."
		},
		"x": 2,
		"y": 2
	},
	"parent": "cyborg:crafting/basic",
	"idea": {
		"amount": 1,
		"ingredients": [
			"#artisan",
			"#terracotta",
			"minecraft:brick",
			"minecraft:netherbrick",
			"minecraft:brick_block",
			"minecraft:nether_brick",
			{
				"type": "forge:ore_dict",
				"ore": "artisansHammer"
			},
			{
				"item": "minecraft:stone_slab",
				"data": 32767
			},
			{
				"item": "artisanworktables:worktable",
				"data": 5
			},
			{
				"item": "artisanworktables:workstation",
				"data": 5
			},
			{
				"type": "forge:ore_dict",
				"ore": "logWood"
			},
			{
				"type": "ftgumod:fluid",
				"fluid": "water"
			}
		]
	},
	"research": {
		"type": "ftgumod:match",
		"pattern": [
			 " T ",
			"WBW",
			"S S"
		],
		"key": {
			"T": {
				"item": [
					"minecraft:obsidian",
					"byg:obsidianingot",
					{
						"item": "minecraft:stone_slab",
						"data": 32767
					},
					{
						"type": "forge:ore_dict",
						"ore": "cobblestone"
					},
					{
						"type": "forge:ore_dict",
						"ore": "stone"
					}
				],
				"hint": {
					"text": "Flat Surface"
				},
				"decipher": {
					"decipher": {
						"block": "minecraft:stone",
						"data": 32767
					},
					"hint": "Carving stones on top of stone could work, but it would need to be refined further..."
				}
			},
			"B": {
				"item": [
					{
						"item": "artisanworktables:worktable",
						"data": 5
					},
					{
						"item": "artisanworktables:workstation",
						"data": 5
					},
					{
						"type": "forge:ore_dict",
						"ore": "workbench"
					},
					{
						"type": "forge:ore_dict",
						"ore": "craftingTableWood"
					},
					"openblocks:drawing_table"
				],
				"hint": {
					"text": "Table Base"
				}
			},
			"W": {
				"item": [
					"#wood"
				],
				"hint": {
					"text": "Auxiliary Supports"
				},
				"decipher": {
					"decipher": {
						"block": "minecraft:log",
						"data": 32767
					},
					"hint": "Wood could make good auxiliary supports."
				}
			},
			"S": {
				"item": [
					"minecraft:brick_block",
					{
						"type": "forge:ore_dict",
						"ore": "blockSteel"
					},
					{
						"type": "forge:ore_dict",
						"ore": "ingotSteel"
					},
					{
						"type": "forge:ore_dict",
						"ore": "blockIron"
					},
					{
						"type": "forge:ore_dict",
						"ore": "ingotIron"
					},
					{
						"type": "forge:ore_dict",
						"ore": "stone"
					},
					{
						"type": "forge:ore_dict",
						"ore": "rodStone"
					},
					{
						"type": "forge:ore_dict",
						"ore": "stickStone"
					},
					{
						"type": "forge:ore_dict",
						"ore": "bricksStone"
					},
					{
						"type": "forge:ore_dict",
						"ore": "obsidian"
					}
				],
				"hint": {
					"text": "Strong Supports"
				},
				"decipher": {
					"decipher": {
						"block": "minecraft:stone",
						"data": 32767
					},
					"hint": "Stone could make for a good support."
				}
			}
		}
	},
	"unlock": [
		{
			"item": "artisanworktables:worktable",
			"data": 2
		},
		{
			"item": "artisanworktables:workstation",
			"data": 2
		},
		{
			"type": "forge:ore_dict",
			"ore": "artisansSifter"
		},
		{
			"type": "forge:ore_dict",
			"ore": "artisansFile"
		},
		{
			"type": "forge:ore_dict",
			"ore": "artisansChisel"
		}
	]
}