{
	"display": {
		"icon": {
			"item": "artisanworktables:worktable",
			"data": 2
		},
		"title": {
			"text": "Masonry"
		},
		"description": {
			"text": "If I am to build anything long-lasting, I'll need a proper place to chisel and shape the blocks."
		},
		"x": 2,
		"y": 2
	},
	"parent": "cyborg:crafting/basic",
	"idea": {
		"amount": 2,
		"ingredients": [
			"#brick",
			"#stone",
			"#wood",
			"#artisan",
			"#terracotta",
			{
				"item": "artisanworktables:worktable",
				"data": 5
			},
			{
				"item": "artisanworktables:workstation",
				"data": 5
			},
			{
				"type": "forge:ore_dict",
				"ore": "artisansHammer"
			},
			{
				"type": "forge:ore_dict",
				"ore": "artisansSifter"
			},
			{
				"type": "forge:ore_dict",
				"ore": "artisansChisel"
			},
			{
				"type": "forge:ore_dict",
				"ore": "artisansFile"
			},
			{
				"type": "ftgumod:fluid",
				"fluid": "water"
			}
		]
	},
	"research": {
		"type": "ftgumod:match",
		"pattern": [
			 " D ",
			"ATA",
			"S S"
		],
		"key": {
			"D": {
				"item": [
					"#iron",
					"#steel",
					"#brick",
					"#stone",
					{
						"type": "forge:ore_dict",
						"ore": "obsidian"
					},
					{
						"type": "forge:ore_dict",
						"ore": "ingotObsidian"
					},
					{
						"type": "forge:ore_dict",
						"ore": "obsidianRod"
					}
				],
				"hint": {
					"text": "Durable Flat Surface"
				},
				"decipher": {
					"decipher": {
						"block": "minecraft:stone",
						"data": 32767
					},
					"hint": "Carving stones on top of stone could work, but it would need to be refined further..."
				}
			},
			"A": {
				"item": [
					"#wood",
					"#stone",
					{
						"type": "forge:ore_dict",
						"ore": "obsidianRod"
					}
				],
				"hint": {
					"text": "Auxiliary Supports"
				},
				"decipher": {
					"decipher": {
						"block": "minecraft:log",
						"data": 32767
					},
					"hint": "*Wood* make good auxiliary supports."
				}
			},
			"T": {
				"item": [
					"openblocks:drawing_table",
					{
						"item": "artisanworktables:worktable",
						"data": 5
					},
					{
						"item": "artisanworktables:workstation",
						"data": 5
					},
					{
						"type": "forge:ore_dict",
						"ore": "workbench"
					}
				],
				"hint": {
					"text": "Table Base"
				}
			},
			"S": {
				"item": [
					"#iron",
					"#steel",
					"#stone",
					"minecraft:brick",
					"minecraft:netherbrick",
					"minecraft:brick_block",
					"minecraft:nether_brick",
					"minecraft:nether_brick",
					{
						"type": "forge:ore_dict",
						"ore": "obsidian"
					},
					{
						"type": "forge:ore_dict",
						"ore": "obsidianRod"
					}
				],
				"hint": {
					"text": "Strong Supports"
				},
				"decipher": {
					"decipher": {
						"block": "minecraft:stone",
						"data": 32767
					},
					"hint": "Stone could make for a good support."
				}
			}
		}
	},
	"unlock": [
		{
			"item": "artisanworktables:worktable",
			"data": 2
		},
		{
			"item": "artisanworktables:workstation",
			"data": 2
		}
	]
}