{
	"display": {
		"icon": {
			"item": "artisanworktables:worktable",
			"data": 2
		},
		"title": {
			"text": "Masonry"
		},
		"description": {
			"text": "If I am to build anything long-lasting, I'll need a proper place to chisel and shape the blocks."
		},
		"x": 2,
		"y": 1
	},
	"parent": "cyborg:crafting/basic",
	"idea": {
		"amount": 1,
		"ingredients": [
			"#artisan",
			"minecraft:brick",
			"minecraft:netherbrick",
			"minecraft:brick_block",
			"minecraft:nether_brick",
			{
				"type": "forge:ore_dict",
				"ore": "artisansHammer"
			},
			{
				"item": "minecraft:stone_slab",
				"data": 32767
			},
			{
				"item": "artisanworktables:worktable",
				"data": 5
			},
			{
				"item": "artisanworktables:workstation",
				"data": 5
			},
			{
				"type": "forge:ore_dict",
				"ore": "logWood"
			}
		]
	},
	"unlock": [
		{
			"item": "artisanworktables:worktable",
			"data": 2
		},
		{
			"item": "artisanworktables:workstation",
			"data": 2
		},
		{
			"type": "forge:ore_dict",
			"ore": "artisansSifter"
		},
		{
			"type": "forge:ore_dict",
			"ore": "artisansFile"
		},
		{
			"type": "forge:ore_dict",
			"ore": "artisansChisel"
		}
	]
}