{
  "display": {
    "icon": {
      "item": "minecraft:crafting_table"
    },
    "title": {
      "text": "Crafting"
    },
    "description": {
      "text": "I have a basic set of blueprints in my archives, but it's woefully inadequate for the time being..."
    },
    "x": 0,
    "y": 0
  },
  "start": true,
	"unlock": [
		"sct:stone_crafting_table",
		{
			"type": "forge:ore_dict",
			"ore": "craftingTableWood"
		},
		"minecraft:furnace",
		"bonecraft:bonesworditem",
		"bonecraft:bonepickaxeitem",
		"bonecraft:boneaxeitem",
		"bonecraft:boneshovelitem",
		"bonecraft:bonehoeitem"
	]
}