{
	"display": {
		"icon": {
			"item": "contenttweaker:recycling",
			"data": 0
		},
		"title": {
			"text": "Recycling"
		},
		"description": {
			"text": "I could find some ways to recycle things and save on resources."
		},
		"x": -1,
		"y": -1
	},
	"parent": "cyborg:crafting/crafting",
	"idea": {
		"amount": 3,
		"ingredients": [
			"#wood",
			"#artisan",
			{
				"type": "forge:ore_dict",
				"ore": "workbench"
			},
			{
				"type": "forge:ore_dict",
				"ore": "artisansHammer"
			},
			{
				"type": "forge:ore_dict",
				"ore": "artisansCutters"
			}
		]
	},
	"unlock": [
		"contenttweaker:recycling"
	]
}