{
	"display": {
		"icon": {
			"item": "minecraft:furnace",
			"data": 0
		},
		"title": {
			"text": "Basic Cooking"
		},
		"description": {
			"text": "Until I can build a proper kitchen, I need to at least cook my food first."
		},
		"x": 1,
		"y": -1
	},
	"parent": "cyborg:crafting/basic",
	"idea": {
		"amount": 1,
		"ingredients": [
			"#fuel",
			"minecraft:flint",
			"minecraft:gravel",
			"furnaceoverhaul:blank_kit",
			"compactmachines3:fieldprojector",
			{
				"type": "forge:ore_dict",
				"ore": "cobblestone"
			},
			{
				"type": "forge:ore_dict",
				"ore": "stone"
			},
			{
				"type": "forge:ore_dict",
				"ore": "ingotIron"
			}
		]
	},
	"unlock": [
		"minecraft:furnace",
		"furnaceoverhaul:iron_furnace",
		"fuelcanister:empty_fuel_canister",
		"furnaceoverhaul:iron_kit"
	]
}