{
	"display": {
		"icon": {
			"item": "furnaceoverhaul:efficiency_upgrade",
			"data": 0
		},
		"title": {
			"text": "Upgraded Smelting"
		},
		"description": {
			"text": "Now that I have better furnaces, why not make them even better?"
		},
		"x": 3,
		"y": -1
	},
	"parent": "cyborg:crafting/better_smelting",
	"idea": {
		"amount": 3,
		"ingredients": [
			"#fuel",
			"#iron",
			"#gold",
			"#upgrade",
			"#redstone",
			"#electrotine",
			"minecraft:glowstone",
			"minecraft:glowstone_dust",
			"minecraft:blaze_powder",
			{
				"type": "forge:ore_dict",
				"ore": "blockElectrum"
			},
			{
				"type": "forge:ore_dict",
				"ore": "ingotElectrum"
			},
			{
				"type": "forge:ore_dict",
				"ore": "dustElectrum"
			},
			{
				"type": "ftgumod:fluid",
				"fluid": "pyrotheum"
			},
			{
				"type": "ftgumod:fluid",
				"fluid": "lava"
			}
		]
	},
	"research": {
		"type": "ftgumod:match",
		"pattern": [
			"CSC",
			"SUS",
			"CSC"
		],
		"key": {
			"C": {
				"item": [
					"#iron",
					"#electrotine",
					"minecraft:blaze_rod",
					"minecraft:blaze_powder",
					{
						"type": "forge:ore_dict",
						"ore": "blockRodBlaze"
					},
					{
						"type": "ftgumod:fluid",
						"fluid": "pyrotheum"
					},
					{
						"type": "ftgumod:fluid",
						"fluid": "lava"
					}
				],
				"hint": {
					"text": "Cornered Enhancement"
				},
				"decipher": {
					"decipher": {
						"block": "minecraft:iron_block",
						"data": 32767
					},
					"hint": "Iron could improve the furnaces' efficiency."
				}
			},
			"S": {
				"item": [
					"#gold",
					"#redstone",
					"#electrotine",
					"minecraft:glowstone",
					"minecraft:glowstone_dust",
					{
						"type": "ftgumod:fluid",
						"fluid": "pyrotheum"
					},
					{
						"type": "ftgumod:fluid",
						"fluid": "lava"
					}
				],
				"hint": {
					"text": "Sideloaded Improvement"
				},
				"decipher": {
					"decipher": {
						"block": "minecraft:gold_block",
						"data": 32767
					},
					"hint": "Gold can be used to enhance many processes."
				}
			},
			"U": {
				"item": [
					"#iron",
					"#gold",
					"#stone",
					"#quartz",
					"#emerald",
					"#diamond",
					"#upgrade",
					"minecraft:ender_pearl",
					{
						"item": "industrialforegoing:conveyor",
						"data": 32767
					}
				],
				"hint": {
					"text": "Upgrade Base"
				}
			}
		}
	},
	"unlock": [
		"furnaceoverhaul:blank_upgrade",
		"furnaceoverhaul:efficiency_upgrade",
		"furnaceoverhaul:liquid_fuel_upgrade",
		"furnaceoverhaul:speed_upgrade"
	]
}