{
	"display": {
		"icon": {
			"item": "furnaceoverhaul:efficiency_upgrade",
			"data": 0
		},
		"title": {
			"text": "Upgraded Smelting"
		},
		"description": {
			"text": "Now that I have better furnaces, why not make them even better?"
		},
		"x": 3,
		"y": -2
	},
	"parent": "cyborg:crafting/better_smelting",
	"idea": {
		"amount": 3,
		"ingredients": [
			"#fuel",
			"#upgrade",
			"minecraft:glowstone",
			"minecraft:blaze_rod",
			"minecraft:blaze_powder",
			{
				"type": "forge:ore_dict",
				"ore": "dustIron"
			},
			{
				"type": "forge:ore_dict",
				"ore": "ingotIron"
			},
			{
				"type": "forge:ore_dict",
				"ore": "blockIron"
			},
			{
				"type": "forge:ore_dict",
				"ore": "dustGold"
			},
			{
				"type": "forge:ore_dict",
				"ore": "ingotGold"
			},
			{
				"type": "forge:ore_dict",
				"ore": "blockGold"
			},
			{
				"type": "forge:ore_dict",
				"ore": "dustSteel"
			},
			{
				"type": "forge:ore_dict",
				"ore": "ingotSteel"
			},
			{
				"type": "forge:ore_dict",
				"ore": "blockSteel"
			},
			{
				"type": "forge:ore_dict",
				"ore": "dustGlowstone"
			},
			{
				"type": "forge:ore_dict",
				"ore": "dustRedstone"
			},
			{
				"type": "forge:ore_dict",
				"ore": "dustElectrotine"
			},
			{
				"type": "ftgumod:fluid",
				"fluid": "lava"
			}
		]
	},
	"research": {
		"type": "ftgumod:match",
		"pattern": [
			"CSC",
			"SUS",
			"CSC"
		],
		"key": {
			"C": {
				"item": [
					"minecraft:blaze_rod",
					"minecraft:blaze_powder",
					{
						"item": "alchemistry:element",
						"data": 26
					},
					{
						"type": "forge:ore_dict",
						"ore": "dustIron"
					},
					{
						"type": "forge:ore_dict",
						"ore": "ingotIron"
					},
					{
						"type": "forge:ore_dict",
						"ore": "blockIron"
					},
					{
						"type": "ftgumod:fluid",
						"fluid": "lava"
					}
				],
				"hint": {
					"text": "Cornered Enhancement"
				},
				"decipher": {
					"decipher": {
						"block": "minecraft:iron_block",
						"data": 32767
					},
					"hint": "Iron could improve the furnaces' efficiency."
				}
			},
			"S": {
				"item": [
					"#gold",
					{
						"type": "forge:ore_dict",
						"ore": "dustRedstone"
					},
					{
						"type": "forge:ore_dict",
						"ore": "blockRedstone"
					},
					{
						"type": "forge:ore_dict",
						"ore": "dustElectrotine"
					},
					{
						"type": "forge:ore_dict",
						"ore": "blockElectrotine"
					},
					{
						"type": "forge:ore_dict",
						"ore": "dustGold"
					},
					{
						"type": "forge:ore_dict",
						"ore": "ingotGold"
					},
					{
						"type": "forge:ore_dict",
						"ore": "blockGold"
					},
					{
						"type": "ftgumod:fluid",
						"fluid": "lava"
					}
				],
				"hint": {
					"text": "Sideloaded Improvement"
				},
				"decipher": {
					"decipher": {
						"block": "minecraft:gold_block",
						"data": 32767
					},
					"hint": "Gold can be used to enhance many processes."
				}
			},
			"U": {
				"item": [
					"#upgrade",
					"minecraft:ender_pearl",
					"minecraft:light_weighted_pressure_plate",
					{
						"item": "industrialforegoing:conveyor",
						"data": 32767
					},
					{
						"type": "forge:ore_dict",
						"ore": "stone"
					},
					{
						"type": "forge:ore_dict",
						"ore": "cobblestone"
					},
					{
						"type": "forge:ore_dict",
						"ore": "gemQuartz"
					},
					{
						"type": "forge:ore_dict",
						"ore": "ingotIron"
					},
					{
						"type": "forge:ore_dict",
						"ore": "ingotGold"
					},
					{
						"type": "forge:ore_dict",
						"ore": "gemDiamond"
					},
					{
						"type": "forge:ore_dict",
						"ore": "gemEmerald"
					}
				],
				"hint": {
					"text": "Upgrade Base"
				}
			}
		}
	},
	"unlock": [
		"furnaceoverhaul:efficiency_upgrade",
		"furnaceoverhaul:liquid_fuel_upgrade",
		"furnaceoverhaul:speed_upgrade"
	]
}