{
	"display": {
		"icon": {
			"item": "artisanworktables:worktable",
			"data": 3
		},
		"title": {
			"text": "Smithing"
		},
		"description": {
			"text": "I'm going to need to specialize my crafting areas, otherwise I can't do much. But firstly, something to craft them on (and with)."
		},
		"x": -2,
		"y": 2
	},
	"parent": "cyborg:crafting/basic",
	"idea": {
		"amount": 2,
		"ingredients": [
			"#artisan",
			{
				"type": "forge:ore_dict",
				"ore": "artisansHammer"
			},
			{
				"type": "forge:ore_dict",
				"ore": "artisansCutters"
			},
			{
				"item": "artisanworktables:worktable",
				"data": 5
			},
			{
				"item": "artisanworktables:workstation",
				"data": 5
			},
			{
				"type": "forge:ore_dict",
				"ore": "stone"
			},
			{
				"type": "forge:ore_dict",
				"ore": "cobblestone"
			},
			{
				"type": "forge:ore_dict",
				"ore": "blockIron"
			},
			{
				"type": "forge:ore_dict",
				"ore": "ingotIron"
			},
			{
				"type": "forge:ore_dict",
				"ore": "nuggetIron"
			},
			{
				"type": "forge:ore_dict",
				"ore": "blockSteel"
			},
			{
				"type": "forge:ore_dict",
				"ore": "ingotSteel"
			},
			{
				"type": "forge:ore_dict",
				"ore": "nuggetSteel"
			}
		]
	},
	"research": {
		"type": "ftgumod:match",
		"pattern": [
			"EEE",
			"STS",
			"S S"
		],
		"key": {
			"E": {
				"item": [
					{
						"item": "minecraft:anvil",
						"data": 32767
					},
					{
						"type": "forge:ore_dict",
						"ore": "blockSteel"
					},
					{
						"type": "forge:ore_dict",
						"ore": "ingotSteel"
					},
					{
						"type": "forge:ore_dict",
						"ore": "nuggetSteel"
					},
					{
						"type": "forge:ore_dict",
						"ore": "blockBronze"
					},
					{
						"type": "forge:ore_dict",
						"ore": "ingotBronze"
					},
					{
						"type": "forge:ore_dict",
						"ore": "nuggetBronze"
					},
					{
						"type": "forge:ore_dict",
						"ore": "oreIron"
					},
					{
						"type": "forge:ore_dict",
						"ore": "blockIron"
					},
					{
						"type": "forge:ore_dict",
						"ore": "ingotIron"
					},
					{
						"type": "forge:ore_dict",
						"ore": "nuggetIron"
					},
					{
						"type": "forge:ore_dict",
						"ore": "ingotObsidian"
					},
					{
						"type": "forge:ore_dict",
						"ore": "obsidian"
					}
				],
				"hint": {
					"text": "Metallic Surface"
				},
				"decipher": {
					"decipher": {
						"block": "minecraft:iron_block",
						"data": 0
					},
					"hint": "Iron is quite strong, it would make for a good anvil-like surface."
				}
			},
			"S": {
				"item": [
					"minecraft:brick_block",
					{
						"type": "forge:ore_dict",
						"ore": "blockSteel"
					},
					{
						"type": "forge:ore_dict",
						"ore": "ingotSteel"
					},
					{
						"type": "forge:ore_dict",
						"ore": "blockIron"
					},
					{
						"type": "forge:ore_dict",
						"ore": "ingotIron"
					},
					{
						"type": "forge:ore_dict",
						"ore": "stone"
					},
					{
						"type": "forge:ore_dict",
						"ore": "rodStone"
					},
					{
						"type": "forge:ore_dict",
						"ore": "stickStone"
					},
					{
						"type": "forge:ore_dict",
						"ore": "bricksStone"
					},
					{
						"type": "forge:ore_dict",
						"ore": "obsidian"
					}
				],
				"hint": {
					"text": "Strong Supports"
				},
				"decipher": {
					"decipher": {
						"block": "minecraft:stone",
						"data": 0
					},
					"hint": "Stone could make for a good support."
				}
			},
			"T": {
				"item": [
					{
						"item": "artisanworktables:worktable",
						"data": 5
					},
					{
						"item": "artisanworktables:workstation",
						"data": 5
					},
					{
						"type": "forge:ore_dict",
						"ore": "workbench"
					},
					{
						"type": "forge:ore_dict",
						"ore": "craftingTableWood"
					},
					"openblocks:drawing_table"
				],
				"hint": {
					"text": "Table Base"
				}
			}
		}
	},
	"unlock": [
		{
			"item": "artisanworktables:worktable",
			"data": 3
		},
		{
			"item": "artisanworktables:workstation",
			"data": 3
		}
	]
}