{
  "display": {
    "icon": {
      "item": "storagetech:diskworkbench"
    },
    "title": {
      "text": "Advanced Storage Compression"
    },
    "description": {
      "text": "I could improve my storage disks, if only I had a specialized workbench..."
    },
    "x": 4,
    "y": 3
  },
	"parent": "cyborg:technology/storage_compression",
	"idea": {
		"amount": 3,
		"ingredients": [
			"#circuit",
			"#redstone",
			"#electrotine",
			"#prismarine",
			"refinedstorage:storage_housing",
			{
				"item": "refinedstorage:core",
				"data": 32767
			},
			{
				"item": "refinedstorage:storage_part",
				"data": 32767
			},
			{
				"item": "refinedstorage:fluid_storage_part",
				"data": 32767
			},
			{
				"item": "refinedstorage:storage_disk",
				"data": 32767
			},
			{
				"item": "refinedstorage:fluid_storage_disk",
				"data": 32767
			},
			{
				"item": "artisanworktables:worktable",
				"data": 5
			},
			{
				"item": "artisanworktables:workstation",
				"data": 5
			},
			{
				"type": "forge:ore_dict",
				"ore": "artisansSolderer"
			},
			{
				"type": "forge:ore_dict",
				"ore": "artisansCutters"
			}
		]
	},
	"research": {
		"type": "ftgumod:match",
		"pattern": [
			"QCQ",
			"PSP",
			"QMQ"
		],
		"key": {
			"Q": {
				"item": [
					"#prismarine",
					"refinedstorage:quartz_enriched_iron"
				],
				"hint": {
					"text": "Prismatic Quartz Enhancements"
				},
				"decipher": {
					"decipher": {
						"block": "minecraft:quartz_ore",
						"data": 32767
					},
					"hint": "The unique properies of Quartz allow it to easily manage Matter-Energy data."
				}
			},
			"C": {
				"item": [
					"#circuit",
					{
						"item": "refinedstorage:core",
						"data": 32767
					}
				],
				"hint": {
					"text": "Disk Managment Circuitry"
				},
				"decipher": {
					"decipher": {
						"block": "minecraft:gold_ore",
						"data": 32767
					},
					"hint": "Gold makes for excellent circuitry."
				}
			},
			"P": {
				"item": [
					"#circuit",
					{
						"item": "refinedstorage:core",
						"data": 32767
					}
				],
				"hint": {
					"text": "Disk Managment Circuitry"
				},
				"decipher": {
					"decipher": {
						"block": "minecraft:gold_ore",
						"data": 32767
					},
					"hint": "Gold makes for excellent circuitry."
				}
			},
			"S": {
				"item": [
					{
						"item": "refinedstorage:storage",
						"data": 32767
					},
					{
						"item": "refinedstorage:storage_disk",
						"data": 32767
					},
					{
						"item": "refinedstorage:fluid_storage_disk",
						"data": 32767
					},
					{
						"item": "refinedstorage:fluid_storage_part",
						"data": 32767
					},
					{
						"item": "refinedstorage:storage_part",
						"data": 32767
					}
				],
				"hint": {
					"text": "Data Storage System"
				}
			},
			"M": {
				"item": [
					"openblocks:drawing_table",
					{
						"item": "artisanworktables:worktable",
						"data": 5
					},
					{
						"item": "artisanworktables:workstation",
						"data": 5
					},
					{
						"type": "forge:ore_dict",
						"ore": "workbench"
					}
				],
				"hint": {
					"text": "Modifiable Workbench"
				},
				"decipher": {
					"decipher": {
						"block": "minecraft:crafting_table",
						"data": 32767
					},
					"hint": "I could modify this enough to work with Matter-Energy Storage requirements."
				}
			}
		}
	},
	"unlock": [
			"storagetech:diskworkbench",
			"storagetech:fluiddiskworkbench"
		]
}