{
  "display": {
    "icon": {
      "item": "capsule:capsulemarker",
	  "data": 0
    },
    "title": {
      "text": "Advanced Area Miniaturization"
    },
    "description": {
      "text": "With this technology I'll be able to improve upon my existing compact machinery and convert it into a more portable capsule."
    },
    "x": -2,
    "y": -2
  },
	"parent": "cyborg:technology/technology",
	"idea": {
		"amount": 2,
		"ingredients": [
			"#gear",
			"#stone",
			"#diamond",
			"minecraft:chorus_fruit",
			"minecraft:chorus_fruit_popped",
			"minecraft:shulker_shell",
			"minecraft:ender_pearl",
			"minecraft:ender_eye",
			"minecraft:dragon_egg",
			"minecraft:nether_star",
			"minecraft:piston",
			"minecraft:sticky_piston",
			"compactmachines3:fieldprojector",
			"nhc:energypearl",
			"rftools:infused_enderpearl",
			{
				"item": "wrcbe:material",
				"data": 2
			},
			{
				"type": "forge:ore_dict",
				"ore": "blockPearlEnder"
			},
			{
				"type": "forge:ore_dict",
				"ore": "artisansHammer"
			},
			{
				"type": "forge:ore_dict",
				"ore": "artisansFile"
			}
		]
	},
	"research": {
		"type": "ftgumod:match",
		"pattern": [
			" B ",
			"MSM",
			" M "
		],
		"key": {
			"B": {
				"item": [
					"minecraft:lever",
					"minecraft:stone_button",
					"natura:nether_button",
					"natura:nether_lever",
					"openblocks:big_button_wood",
					"openblocks:big_button",
					{
						"type": "forge:ore_dict",
						"ore": "buttonWood"
					}
				],
				"hint": {
					"text": "Capture Initiator"
				}
		},
		"S": {
			"item": [
					{
						"item": "multistorage:stone_storage",
						"data": 1
					},
					{
						"item": "multistorage:stone_storage",
						"data": 2
					},
					{
						"item": "multistorage:stone_storage",
						"data": 3
					},
					{
						"item": "multistorage:stone_storage",
						"data": 4
					},
					{
						"item": "multistorage:stone_storage",
						"data": 5
					},
					{
						"item": "multistorage:stone_storage",
						"data": 6
					},
					{
						"item": "ironchest:iron_chest",
						"data": 7
					},
					{
						"item": "thermalexpansion:satchel",
						"data": 32767
					},
					{
						"type": "forge:ore_dict",
						"ore": "chest"
					},
					{
						"type": "forge:ore_dict",
						"ore": "backpack"
					},
					{
						"type": "forge:ore_dict",
						"ore": "prbackpack"
					}
				],
				"hint": {
					"text": "Storage Medium"
				}
			},
			"M": {
				"item": [
					"#wood",
					"minecraft:glass_bottle",
					"minecraft:ender_pearl",
					"nhc:energypearl",
					"rftools:infused_enderpearl",
					{
						"type": "forge:ore_dict",
						"ore": "nuggetIron"
					},
					{
						"type": "forge:ore_dict",
						"ore": "ingotIron"
					},
					{
						"type": "forge:ore_dict",
						"ore": "blockIron"
					},
					{
						"type": "forge:ore_dict",
						"ore": "nuggetGold"
					},
					{
						"type": "forge:ore_dict",
						"ore": "ingotGold"
					},
					{
						"type": "forge:ore_dict",
						"ore": "blockGold"
					},
					{
						"type": "forge:ore_dict",
						"ore": "nuggetDiamond"
					},
					{
						"type": "forge:ore_dict",
						"ore": "gemDiamond"
					},
					{
						"type": "forge:ore_dict",
						"ore": "blockDiamond"
					},
					{
						"type": "forge:ore_dict",
						"ore": "stone"
					},
					{
						"type": "forge:ore_dict",
						"ore": "cobblestone"
					},
					{
						"type": "forge:ore_dict",
						"ore": "slabWood"
					}
				],
				"hint": {
					"text": "Capsule Material"
				}
			}
		}
	},
	"unlock": [
		"capsule:capsulemarker",
		"capsule:capsule"
	]
  }