{
  "display": {
    "icon": {
      "item": "coalprocessing:diamond_machine"
    },
    "title": {
      "text": "Carbon Compression"
    },
    "description": {
      "text": "If enough pressure is applied to Carbon, it will produce a Diamond. I can do this artifically - but it will require a specialized machine."
    },
    "x": -2,
    "y": 2
  },
	"parent": "cyborg:technology/thermal_technology",
	"idea": {
		"amount": 3,
		"ingredients": [
			"#tech",
			"#steel",
			"#redstone",
			"#diamond",
			"#electrotine",
			"cm:chaotic_coal_ore",
			"cm:crimson_coal_ore",
			"cm:crimson_coal_block",
			"cm:polished_crimson_coal_block",
			"cm:crimson_coal",
			"nibrockscoal:iron_coal",
			"nibrockscoal:gold_coal",
			"nibrockscoal:diamond_coal",
			"redstonearsenal:tool.hammer_flux",
			"thermalfoundation:tool.hammer_iron",
			"thermalfoundation:tool.hammer_gold",
			"thermalfoundation:tool.hammer_bronze",
			{
				"item": "minecraft:coal",
				"data": 0
			},
			{
				"item": "minecraft:coal",
				"data": 1
			},
			{
				"item": "alchemistry:element",
				"data": 6
			},
			{
				"item": "alchemistry:compound",
				"data": 12
			},
			{
				"item": "extrautils2:decorativeglass",
				"data": 5
			},
			{
				"type": "forge:ore_dict",
				"ore": "obsidian"
			},
			{
				"type": "forge:ore_dict",
				"ore": "ingotObsidian"
			},
			{
				"type": "forge:ore_dict",
				"ore": "dustObsidian"
			},
			{
				"type": "forge:ore_dict",
				"ore": "obsidianRod"
			},
			{
				"type": "forge:ore_dict",
				"ore": "blockCharcoal"
			},
			{
				"type": "forge:ore_dict",
				"ore": "blockCoal"
			},
			{
				"type": "forge:ore_dict",
				"ore": "artisansHammer"
			},
			{
				"type": "forge:ore_dict",
				"ore": "plateHammer"
			},
			{
				"type": "ftgumod:fluid",
				"fluid": "pyrotheum"
			},
			{
				"type": "ftgumod:fluid",
				"fluid": "lava"
			}
		]
	},
	"research": {
		"type": "ftgumod:match",
		"pattern": [
			"PEP",
			"ECE",
			"SSS"
		],
		"key": {
			"P": {
				"item": [
					"minecraft:piston",
					"minecraft:sticky_piston",
					"redstonearsenal:tool.hammer_flux",
					"thermalfoundation:tool.hammer_iron",
					"thermalfoundation:tool.hammer_gold",
					"thermalfoundation:tool.hammer_bronze",
					"thermalfoundation:tool.hammer_diamond",
					{
						"type": "forge:ore_dict",
						"ore": "artisansHammer"
					},
					{
						"type": "forge:ore_dict",
						"ore": "plateHammer"
					}
				],
				"hint": {
					"text": "Pressure Applicator"
				},
				"decipher": {
					"decipher": {
						"block": "minecraft:piston",
						"data": 32767
					},
					"hint": "Pistons apply great pressure to anything in front of them."
				}
			},
			"E": {
				"item": [
					"#redstone",
					"#electrotine",
					{
						"item": "projectred-core:resource_item",
						"data": 1
					},
					{
						"item": "projectred-core:resource_item",
						"data": 10
					},
					{
						"item": "projectred-core:resource_item",
						"data": 11
					},
					{
						"item": "thermalfoundation:material",
						"data": 515
					},
					{
						"type": "forge:ore_dict",
						"ore": "projredInsulatedWire"
					},
					{
						"type": "forge:ore_dict",
						"ore": "projredInsFramedWire"
					},
					{
						"type": "forge:ore_dict",
						"ore": "projredInsBundledCable"
					}
				],
				"hint": {
					"text": "Electrical Wiring"
				},
				"decipher": {
					"decipher": {
						"block": "minecraft:redstone_block",
						"data": 32767
					},
					"hint": "This can both conduct and insulate against high electrical discharge.... remarkable."
				}
			},
			"C": {
				"item": [
					"minecraft:ender_chest",
					"playerplates:obsidian_plate",
					"playerplates:invisible_obsidian_plate",
					{
						"item": "extrautils2:compressedcobblestone",
						"data": 3
					},
					{
						"item": "extrautils2:compressedcobblestone",
						"data": 4
					},
					{
						"item": "extrautils2:compressedcobblestone",
						"data": 5
					},
					{
						"item": "extrautils2:compressedcobblestone",
						"data": 6
					},
					{
						"item": "extrautils2:compressedcobblestone",
						"data": 7
					},
					{
						"item": "extrautils2:compressednetherrack",
						"data": 3
					},
					{
						"item": "extrautils2:compressednetherrack",
						"data": 4
					},
					{
						"item": "extrautils2:compressednetherrack",
						"data": 5
					},
					{
						"item": "redstonearsenal:material",
						"data": 193
					},
					{
						"type": "forge:ore_dict",
						"ore": "obsidian"
					},
					{
						"type": "forge:ore_dict",
						"ore": "ingotObsidian"
					},
					{
						"type": "forge:ore_dict",
						"ore": "dustObsidian"
					},
					{
						"type": "forge:ore_dict",
						"ore": "obsidianRod"
					}
				],
				"hint": {
					"text": "Extra Durable Interior Coating"
				},
				"decipher": {
					"decipher": {
						"block": "minecraft:obsidian",
						"data": 32767
					},
					"hint": "Incredibly strong! This will make for the perfect interior - it could withstand the pressure with no issue!"
				}
			},
			"S": {
				"item": [
					"#iron",
					"#steel",
					"#diamond"
				],
				"hint": {
					"text": "Pressure Support Base"
				},
				"decipher": {
					"decipher": {
						"block": "pristeel:pristeel_block",
						"data": 32767
					},
					"hint": "Strong enough to withstand high pressures."
				}
			}
		}
	},
	"unlock": [
		"coalprocessing:diamond_machine",
		"coalprocessing:compressed_coal"
	]
}