{
  "display": {
    "icon": {
      "item": "coalprocessing:diamond_machine"
    },
    "title": {
      "text": "Carbon Compression"
    },
    "description": {
      "text": "If enough pressure is applied to Carbon, it will produce a Diamond. I can do this artifically - but it will require a specialized machine."
    },
    "x": -2,
    "y": 2
  },
	"parent": "cyborg:technology/thermal_technology",
	"idea": {
		"amount": 2,
		"ingredients": [
			"#tech",
			"#redstone",
			"minecraft:piston",
			"minecraft:sticky_piston",
			"dse:hammeriron",
			"dse:hammersteel",
			"redstonearsenal:tool.hammer_flux",
			"thermalfoundation:tool.hammer_iron",
			"thermalfoundation:tool.hammer_diamond",
			{
				"item": "alchemistry:element",
				"data": 6
			},
			{
				"item": "alchemistry:element",
				"data": 8
			},
			{
				"item": "alchemistry:compound",
				"data": 12
			},
			{
				"item": "extrautils2:decorativeglass",
				"data": 5
			},
			{
				"type": "forge:ore_dict",
				"ore": "plateHammer"
			},
			{
				"type": "forge:ore_dict",
				"ore": "artisansHammer"
			},
			{
				"type": "forge:ore_dict",
				"ore": "obsidian"
			},
			{
				"type": "forge:ore_dict",
				"ore": "dustObsidian"
			},
			{
				"type": "forge:ore_dict",
				"ore": "nuggetSteel"
			},
			{
				"type": "forge:ore_dict",
				"ore": "ingotSteel"
			},
			{
				"type": "forge:ore_dict",
				"ore": "blockSteel"
			},
			{
				"type": "forge:ore_dict",
				"ore": "blockCharcoal"
			},
			{
				"type": "forge:ore_dict",
				"ore": "blockCoal"
			}
		]
	},
	"research": {
		"type": "ftgumod:match",
		"pattern": [
			"PEP",
			"EOE",
			"SSS"
		],
		"key": {
			"P": {
				"item": [
					"minecraft:piston",
					"minecraft:sticky_piston",
					"dse:hammeriron",
					"dse:hammersteel",
					"redstonearsenal:tool.hammer_flux",
					"thermalfoundation:tool.hammer_iron",
					"thermalfoundation:tool.hammer_diamond"
				],
				"hint": {
					"text": "Pressure Applicator"
				},
				"decipher": {
					"decipher": {
						"block": "minecraft:piston",
						"data": 32767
					},
					"hint": "Pistons apply great pressure to anything in front of them."
				}
			},
			"E": {
				"item": [
					"#redstone",
					{
						"item": "extrautils2:decorativeglass",
						"data": 5
					},
					{
						"item": "extrautils2:ingredients",
						"data": 2
					},
					{
						"item": "extrautils2:ingredients",
						"data": 0
					},
					{
						"item": "thermalfoundation:material",
						"data": 515
					},
					{
						"item": "projectred-core:resource_item",
						"data": 1
					},
					{
						"item": "projectred-core:resource_item",
						"data": 10
					},
					{
						"item": "projectred-core:resource_item",
						"data": 11
					},
					{
						"type": "forge:ore_dict",
						"ore": "dustRedstone"
					},
					{
						"type": "forge:ore_dict",
						"ore": "blockRedstone"
					},
					{
						"type": "forge:ore_dict",
						"ore": "dustElectrotine"
					},
					{
						"type": "forge:ore_dict",
						"ore": "blockElectrotine"
					},
					{
						"type": "forge:ore_dict",
						"ore": "projredInsulatedWire"
					},
					{
						"type": "forge:ore_dict",
						"ore": "projredInsFramedWire"
					}
				],
				"hint": {
					"text": "Electrical Conductor/Insulator"
				},
				"decipher": {
					"decipher": {
						"block": "minecraft:redstone_block",
						"data": 32767
					},
					"hint": "This can both conduct and insulate against high electrical discharge....remarkable."
				}
			},
			"O": {
				"item": [
					"byg:obsidianingot",
					"playerplates:obsidian_plate",
					"playerplates:invisible_obsidian_plate",
					{
						"item": "extrautils2:compressedcobblestone",
						"data": 4
					},
					{
						"item": "extrautils2:compressednetherrack",
						"data": 5
					},
					{
						"item": "redstonearsenal:material",
						"data": 192
					},
					{
						"item": "redstonearsenal:material",
						"data": 193
					},
					{
						"item": "wrcbe:material",
						"data": 0
					},
					{
						"type": "forge:ore_dict",
						"ore": "obsidian"
					},
					{
						"type": "forge:ore_dict",
						"ore": "dustObsidian"
					}
				],
				"hint": {
					"text": "Interior Coating"
				},
				"decipher": {
					"decipher": {
						"block": "minecraft:obsidian",
						"data": 32767
					},
					"hint": "Incredibly strong! This will make for the perfect interior - it could withstand the pressure with no issue!"
				}
			},
			"S": {
				"item": [
					"pristeel:pristeel_block",
					"pristeel:pristeel_ingot",
					{
						"type": "forge:ore_dict",
						"ore": "plateSteel"
					},
					{
						"type": "forge:ore_dict",
						"ore": "blockSteel"
					},
					{
						"type": "forge:ore_dict",
						"ore": "ingotSteel"
					},
					{
						"type": "forge:ore_dict",
						"ore": "nuggetSteel"
					},
					{
						"type": "forge:ore_dict",
						"ore": "plateIron"
					},
					{
						"type": "forge:ore_dict",
						"ore": "blockIron"
					},
					{
						"type": "forge:ore_dict",
						"ore": "ingotIron"
					},
					{
						"type": "forge:ore_dict",
						"ore": "nuggetIron"
					}
				],
				"hint": {
					"text": "Pressure Support Base"
				},
				"decipher": {
					"decipher": {
						"block": "thermalfoundation:storage_alloy",
						"data": 0
					},
					"hint": "Strong enough to withstand high pressures."
				}
			}
		}
	},
	"unlock": [
		"coalprocessing:diamond_machine",
		"coalprocessing:compressed_coal"
	]
}