{
  "display": {
    "icon": {
      "item": "coalprocessing:diamond_machine"
    },
    "title": {
      "text": "Coal Compression"
    },
    "description": {
      "text": "If enough pressure is applied to Carbon, it will produce a Diamond. I can do this artifically."
    },
    "x": -2,
    "y": 2
  },
	"parent": "cyborg:technology/thermal_technology",
	"idea": {
		"amount": 2,
		"ingredients": [
			"#redstone",
			"minecraft:piston",
			"minecraft:sticky_piston",
			"redstonearsenal:tool.hammer_flux",
			"thermalfoundation:tool.hammer_iron",
			"thermalfoundation:tool.hammer_diamond",
			{
				"type": "forge:ore_dict",
				"ore": "plateHammer"
			},
			{
				"type": "forge:ore_dict",
				"ore": "artisansHammer"
			},
			{
				"type": "forge:ore_dict",
				"ore": "obsidian"
			},
			{
				"type": "forge:ore_dict",
				"ore": "dustObsidian"
			},
			{
				"type": "forge:ore_dict",
				"ore": "blockSteel"
			},
			{
				"type": "forge:ore_dict",
				"ore": "blockIron"
			}
		]
	},
	"research": {
		"type": "ftgumod:match",
		"pattern": [
			"PRP",
			"ROR",
			"III"
		],
		"key": {
			"I": {
				"item": [
					{
						"type": "forge:ore_dict",
						"ore": "blockSteel"
					},
					{
						"type": "forge:ore_dict",
						"ore": "ingotSteel"
					},
					{
						"type": "forge:ore_dict",
						"ore": "nuggetSteel"
					},
					{
						"type": "forge:ore_dict",
						"ore": "blockIron"
					},
					{
						"type": "forge:ore_dict",
						"ore": "ingotIron"
					},
					{
						"type": "forge:ore_dict",
						"ore": "nuggetIron"
					}
				],
				"hint": {
					"text": "Pressure Support Base"
				},
				"decipher": {
					"decipher": {
						"block": "thermalfoundation:storage_alloy",
						"data": 0
					},
					"hint": "Strong enough to withstand high pressures."
				}
			},
				"R": {
				"item": [
					"minecraft:redstone_lamp",
					{
						"type": "forge:ore_dict",
						"ore": "blockRedstone"
					},
					{
						"item": "extrautils2:decorativeglass",
						"data": 5
					},
					{
						"item": "extrautils2:ingredients",
						"data": 2
					},
					{
						"item": "extrautils2:ingredients",
						"data": 0
					},
					{
						"item": "chisel:technical",
						"data": 9
					},
					{
						"item": "thermalfoundation:material",
						"data": 515
					},
					{
						"item": "projectred-core:resource_item",
						"data": 1
					},
					{
						"type": "forge:ore_dict",
						"ore": "projredInsulatedWire"
					},
					{
						"type": "forge:ore_dict",
						"ore": "projredInsFramedWire"
					}
				],
				"hint": {
					"text": "Electrical Conductor/Insulator"
				},
				"decipher": {
					"decipher": {
						"block": "minecraft:redstone_block",
						"data": 0
					},
					"hint": "This can both conduct and insulate against high electrical discharge....remarkable."
				}
			},
				"P": {
				"item": [
					"minecraft:piston",
					"minecraft:sticky_piston"
				],
				"hint": {
					"text": "Pressure Applicator"
				}
			},
				"O": {
				"item": [
					"byg:obsidianingot",
					{
						"item": "extrautils2:compressedcobblestone",
						"data": 4
					},
					{
						"item": "extrautils2:compressednetherrack",
						"data": 5
					},
					{
						"type": "forge:ore_dict",
						"ore": "obsidian"
					},
					{
						"type": "forge:ore_dict",
						"ore": "dustObsidian"
					}
				],
				"hint": {
					"text": "Interior Coating"
				},
				"decipher": {
					"decipher": {
						"block": "minecraft:obsidian",
						"data": 0
					},
					"hint": "Incredibly strong! This will make for the perfect interior!!"
				}
			}
		}
	},
	"unlock": [
		"coalprocessing:diamond_machine",
		"coalprocessing:compressed_coal"
	]
}