{
	"display": {
		"icon": {
				"item": "openmodularturrets:turret_base"
		},
		"title": {
			"text": "Automated Defenses"
		},
		"description": {
			"text": "I'll need to be able to construct some defensive structures to ward off the plague's victims. But what to use....?"
		},
		"x": -2,
		"y": 0
	},
	"parent": "cyborg:technology/technology",
	"idea": {
		"amount": 3,
		"ingredients": [
			"#tech",
			"#wood",
			"#weapon",
			"#terracotta",
			"minecraft:tnt",
			"minecraft:quartz",
			"minecraft:gunpowder",
			"minecraft:ender_pearl",
			"minecraft:fire_charge",
			"minecraft:blaze_rod",
			"minecraft:blaze_powder",
			"nhc:energypearl",
			"thermalexpansion:capacitor",
			{
				"item": "minecraft:stone_slab",
				"data": 0
			},
			{
				"item": "minecraft:stone_slab",
				"data": 3
			},
			{
				"item": "minecraft:stone_slab",
				"data": 5
			},
			{
				"type": "forge:ore_dict",
				"ore": "obsidian"
			},
			{
				"type": "forge:ore_dict",
				"ore": "bricksStone"
			},
			{
				"type": "forge:ore_dict",
				"ore": "cobblestone"
			},
			{
				"type": "forge:ore_dict",
				"ore": "stone"
			},
			{
				"type": "forge:ore_dict",
				"ore": "bars"
			},
			{
				"item": "minecraft:concrete",
				"data": 32767
			},
			{
				"item": "minecraft:concrete_powder",
				"data": 32767
			},
			{
				"type": "forge:ore_dict",
				"ore": "ingotIron"
			},
			{
				"type": "forge:ore_dict",
				"ore": "ingotGold"
			},
			{
				"type": "forge:ore_dict",
				"ore": "ingotSteel"
			},
			{
				"type": "forge:ore_dict",
				"ore": "ingotInvar"
			},
			{
				"type": "forge:ore_dict",
				"ore": "gemQuartz"
			},
			{
				"type": "forge:ore_dict",
				"ore": "gemDiamond"
			},
			{
				"type": "forge:ore_dict",
				"ore": "ingotBronze"
			},
			{
				"type": "forge:ore_dict",
				"ore": "dustRedstone"
			},
			{
				"type": "forge:ore_dict",
				"ore": "dustElectrotine"
			},
			{
				"type": "forge:ore_dict",
				"ore": "artisansPliers"
			},
			{
				"type": "forge:ore_dict",
				"ore": "artisansHammer"
			},
			{
				"type": "forge:ore_dict",
				"ore": "artisansCutters"
			},
			{
				"type": "forge:ore_dict",
				"ore": "artisansSpanner"
			},
			{
				"type": "forge:ore_dict",
				"ore": "artisansSolderer"
			},
			{
				"type": "ftgumod:fluid",
				"fluid": "pyrotheum"
			},
			{
				"type": "ftgumod:fluid",
				"fluid": "lava"
			}
		]
	},
	"research": {
		"type": "ftgumod:match",
		"pattern": [
			"SSS",
			"SLS",
			"SSS"
		],
		"key": {
			"S": {
				"item": [
					{
					"type": "forge:ore_dict",
					"ore": "blockIron"
					},
					{
					"type": "forge:ore_dict",
					"ore": "ingotIron"
					},
					{
					"type": "forge:ore_dict",
					"ore": "blockSteel"
					},
					{
					"type": "forge:ore_dict",
					"ore": "ingotSteel"
					},
					{
					"type": "forge:ore_dict",
					"ore": "blockBronze"
					},
					{
					"type": "forge:ore_dict",
					"ore": "ingotBronze"
					},
					{
					"type": "forge:ore_dict",
					"ore": "blockInvar"
					},
					{
					"type": "forge:ore_dict",
					"ore": "ingotInvar"
					},
					{
					"type": "forge:ore_dict",
					"ore": "blockLead"
					},
					{
					"type": "forge:ore_dict",
					"ore": "ingotLead"
					},
					{
					"type": "forge:ore_dict",
					"ore": "blockPlatinum"
					},
					{
					"type": "forge:ore_dict",
					"ore": "ingotPlatinum"
					},
					{
					"type": "forge:ore_dict",
					"ore": "blockIridium"
					},
					{
					"type": "forge:ore_dict",
					"ore": "ingotIridium"
					},
					{
					"type": "forge:ore_dict",
					"ore": "blockMithril"
					},
					{
					"type": "forge:ore_dict",
					"ore": "ingotMithril"
					}
				],
				"hint": {
					"text": "Strong Shell"
				},
				"decipher": {
					"decipher": {
						"block": "minecraft:iron_block",
						"data": 32767
					},
					"hint": "Iron would be a great basis for turrets."
				}
			},
			"L": {
				"item": [
					"byg:crate",
					"projectred-exploration:barrel",
					"enderstorage:ender_storage",
					"minecraft:chest_minecart",
					"thermalexpansion:strongbox",
					"rftools:storage_module_tablet",
					"rftools:modular_storage",
					{
					"type": "forge:ore_dict",
					"ore": "chest"
					},
					{
					"type": "forge:ore_dict",
					"ore": "drawerBasic"
					},
					{
					"item": "multistorage:stone_storage",
					"data": 32767
					},
					{
					"item": "appliedenergistics2:material",
					"data": 35
					},
					{
					"item": "appliedenergistics2:material",
					"data": 36
					},
					{
					"item": "appliedenergistics2:material",
					"data": 37
					},
					{
					"item": "appliedenergistics2:material",
					"data": 38
					},
					{
					"item": "appliedenergistics2:material",
					"data": 54
					},
					{
					"item": "appliedenergistics2:material",
					"data": 55
					},
					{
					"item": "appliedenergistics2:material",
					"data": 56
					},
					{
					"item": "appliedenergistics2:material",
					"data": 57
					},
					{
					"item": "appliedenergistics2:storage_cell_1k",
					"data": 32767
					},
					{
					"item": "appliedenergistics2:storage_cell_4k",
					"data": 32767
					},
					{
					"item": "appliedenergistics2:storage_cell_16k",
					"data": 32767
					},
					{
					"item": "appliedenergistics2:storage_cell_64k",
					"data": 32767
					},
					{
					"item": "appliedenergistics2:fluid_storage_cell_1k",
					"data": 32767
					},
					{
					"item": "appliedenergistics2:fluid_storage_cell_4k",
					"data": 32767
					},
					{
					"item": "appliedenergistics2:fluid_storage_cell_16k",
					"data": 32767
					},
					{
					"item": "appliedenergistics2:fluid_storage_cell_64k",
					"data": 32767
					},
					{
					"item": "appliedenergistics2:spatial_storage_cell_2_cubed",
					"data": 32767
					},
					{
					"item": "appliedenergistics2:spatial_storage_cell_16_cubed",
					"data": 32767
					},
					{
					"item": "appliedenergistics2:spatial_storage_cell_128_cubed",
					"data": 32767
					},
					{
					"item": "rftools:storage_module",
					"data": 32767
					}
				],
				"hint": {
					"text": "Loot Storage"
				},
				"decipher": {
					"decipher": {
						"block": "minecraft:chest",
						"data": 32767
					},
					"hint": "Chests are a good way to store items."
				}
			}
		}
	},
	"unlock": [
		{
            "type": "gamestages:stage",
            "stage": "base_defense",
            "message": "Updating recipe archives....update complete."
        }
	]
}