{
  "display": {
    "icon": {
			"item": "cyberware:hand_upgrades",
			"data": 2
		},
    "title": {
      "text": "Cybernetic Excavation"
    },
    "description": {
      "text": "I could mine a sizeable area if I managed to re-purpose some cybernetics."
    },
    "x": 2,
    "y": -2
  },
	"parent": "cyborg:technology/technology",
	"idea": {
		"amount": 1,
		"ingredients": [
			"minecraft:diamond_pickaxe",
			"byg:tamrelitepickaxe",
			"byg:pendoritepickaxe",
			"byg:lathariumpickaxe",
			"byg:kasaipickaxe",
			"glacidus:glacidite_pickaxe",
			{
				"item": "cyberware:muscle_upgrades",
				"data": 1,
				"nbt": {cyberwareQuality:"cyberware.quality.scavenged"}
			},
			{
				"item": "cyberware:muscle_upgrades",
				"data": 1
			},
			{
				"item": "cyberware:hand_upgrades",
				"data": 2,
				"nbt": {cyberwareQuality:"cyberware.quality.scavenged"}
			},
			{
				"item": "cyberware:hand_upgrades",
				"data": 2
			},
			{
				"item": "rewired:hand",
				"data": 0,
				"nbt": {cyberwareQuality:"cyberware.quality.scavenged"}
			},
			{
				"item": "rewired:hand",
				"data": 0
			},
			{
				"item": "cyberware:cyberlimbs",
				"data": 0,
				"nbt": {cyberwareQuality:"cyberware.quality.scavenged"}
			},
			{
				"item": "cyberware:cyberlimbs",
				"data": 0
			},
			{
				"item": "cyberware:cyberlimbs",
				"data": 1,
				"nbt": {cyberwareQuality:"cyberware.quality.scavenged"}
			},
			{
				"item": "cyberware:cyberlimbs",
				"data": 1
			}
		]
	},
	"unlock": [
		{
            "type": "gamestages:stage",
            "stage": "mining",
            "message": "Updating ability archives.... update complete."
        }
	]
  }