{
  "display": {
    "icon": {
      "item": "pristeel:pristeel_ingot"
    },
    "title": {
      "text": "A Pristine Alloy"
    },
    "description": {
      "text": "I'm sure I could alloy Iron in a multitiude of ways, one of which would be with something aquatic."
    },
    "x": 4,
    "y": 0
  },
	"parent": "cyborg:technology/ceramics",
	"idea": {
		"amount": 2,
		"ingredients": [
			"#tech",
			"#prismarine",
			{
				"type": "forge:ore_dict",
				"ore": "nuggetIron"
			},
			{
				"type": "forge:ore_dict",
				"ore": "ingotIron"
			},
			{
				"type": "forge:ore_dict",
				"ore": "blockIron"
			},
			{
				"type": "forge:ore_dict",
				"ore": "nuggetSteel"
			},
			{
				"type": "forge:ore_dict",
				"ore": "ingotSteel"
			},
			{
				"type": "forge:ore_dict",
				"ore": "blockSteel"
			},
			{
				"type": "forge:ore_dict",
				"ore": "artisansHammer"
			},
			{
				"type": "forge:ore_dict",
				"ore": "artisansCutters"
			},
			{
				"type": "ftgumod:fluid",
				"fluid": "lava"
			}
		]
	},	
	"research": {
		"type": "ftgumod:match",
		"pattern": [
			"II ",
			"PP ",
			"   "
		],
		"key": {
			"I": {
				"item": [
					{
						"type": "forge:ore_dict",
						"ore": "nuggetIron"
					},
					{
						"type": "forge:ore_dict",
						"ore": "ingotIron"
					},
					{
						"type": "forge:ore_dict",
						"ore": "blockIron"
					},
					{
						"type": "forge:ore_dict",
						"ore": "nuggetSteel"
					},
					{
						"type": "forge:ore_dict",
						"ore": "ingotSteel"
					},
					{
						"type": "forge:ore_dict",
						"ore": "blockSteel"
					}
				],
				"hint": {
					"text": "Alloy Base"
				},
				"decipher": {
					"decipher": {
						"block": "minecraft:iron_block",
						"data": 32767
					},
					"hint": "Iron would make for a good alloy base."
				}
			},
			"P": {
				"item": "#prismarine",
				"hint": {
					"text": "Alloy Catalyst"
				},
				"decipher": {
					"decipher": {
						"block": "minecraft:prismarine",
						"data": 32767
					},
					"hint": "This might be what I'm looking for... though chunks of it would be better for the alloy."
				}
			}
		}
	},
	"unlock": [
		{
            "type": "ftgumod:mod",
            "modid": "pristeel"
        }
	]
  }
