{
  "display": {
    "icon": {
      "item": "appliedenergistics2:controller"
    },
    "title": {
      "text": "Storage Compression"
    },
    "description": {
      "text": "Having more storage is always good. I could probably compress things fairly well, if I had the correct technology."
    },
    "x": 2,
    "y": 2
  },
	"parent": "cyborg:technology/thermal_technology",
	"idea": {
		"amount": 3,
		"ingredients": [
			"#tech",
			"#gold",
			"#gear",
			"#plate",
			"#redstone",
			"glacidus:glacidite_fragment",
			{
				"type": "ftgumod:fluid",
				"fluid": "ender"
			},
			{
				"type": "forge:ore_dict",
				"ore": "slimeball"
			},
			{
				"type": "forge:ore_dict",
				"ore": "itemSilicon"
			},
			{
				"type": "forge:ore_dict",
				"ore": "blockQuartz"
			},
			{
				"type": "forge:ore_dict",
				"ore": "gemQuartz"
			},
			{
				"type": "forge:ore_dict",
				"ore": "blockIron"
			},
			{
				"type": "forge:ore_dict",
				"ore": "ingotIron"
			},
			{
				"type": "forge:ore_dict",
				"ore": "nuggetIron"
			},
			{
				"type": "forge:ore_dict",
				"ore": "blockDiamond"
			},
			{
				"type": "forge:ore_dict",
				"ore": "gemDiamond"
			},
			{
				"type": "forge:ore_dict",
				"ore": "nuggetDiamond"
			},
			{
				"type": "forge:ore_dict",
				"ore": "blockElectrotine"
			},
			{
				"type": "forge:ore_dict",
				"ore": "ingotElectrotineAlloy"
			},
			{
				"type": "forge:ore_dict",
				"ore": "dustElectrotine"
			},
			{
				"type": "forge:ore_dict",
				"ore": "blockGlass"
			},
			{
				"type": "forge:ore_dict",
				"ore": "artisansBeaker"
			},
			{
				"type": "forge:ore_dict",
				"ore": "artisansBurner"
			},
			{
				"type": "forge:ore_dict",
				"ore": "artisansPliers"
			},
			{
				"type": "forge:ore_dict",
				"ore": "artisansSolderer"
			},
			{
				"type": "forge:ore_dict",
				"ore": "artisansSpanner"
			}
		]
	},
	"research": {
		"type": "ftgumod:match",
		"pattern": [
			"GRG",
			"RSR",
			"III"
		],
		"key": {
			"G": {
				"item": [
					"appliedenergistics2:quartz_glass",
					"appliedenergistics2:quartz_vibrant_glass",
					{
						"item": "ceramics:unfired_clay",
						"data": 9
					},
					{
						"type": "forge:ore_dict",
						"ore": "blockGlass"
					},
					{
						"type": "forge:ore_dict",
						"ore": "paneGlass"
					},
					{
						"item": "extrautils2:decorativeglass",
						"data": 0
					},
					{
						"item": "extrautils2:decorativeglass",
						"data": 1
					},
					{
						"item": "extrautils2:decorativeglass",
						"data": 2
					},
					{
						"item": "extrautils2:decorativeglass",
						"data": 3
					},
					{
						"item": "extrautils2:decorativeglass",
						"data": 4
					},
					{
						"item": "extrautils2:decorativeglass",
						"data": 5
					},
					{
						"item": "natura:nether_glass",
						"data": 0
					},
					{
						"item": "natura:nether_glass",
						"data": 1
					}
				],
				"hint": {
					"text": "Lightweight Disk Covering"
				},
				"decipher": {
					"decipher": {
						"block": "minecraft:glass",
						"data": 32767
					},
					"hint": "Should be lightweight, but also sturdy enough."
				}
			},
			"I": {
				"item": [
					{
						"item": "appliedenergistics2:material",
						"data": 2
					},
					{
						"item": "appliedenergistics2:material",
						"data": 10
					},
					{
						"item": "appliedenergistics2:material",
						"data": 11
					},
					{
						"type": "forge:ore_dict",
						"ore": "blockIron"
					},
					{
						"type": "forge:ore_dict",
						"ore": "ingotIron"
					},
					{
						"type": "forge:ore_dict",
						"ore": "nuggetIron"
					},
					{
						"type": "forge:ore_dict",
						"ore": "blockBronze"
					},
					{
						"type": "forge:ore_dict",
						"ore": "ingotBronze"
					},
					{
						"type": "forge:ore_dict",
						"ore": "nuggetBronze"
					},
					{
						"type": "forge:ore_dict",
						"ore": "blockQuartz"
					},
					{
						"type": "forge:ore_dict",
						"ore": "gemQuartz"
					},
					{
						"type": "forge:ore_dict",
						"ore": "dustQuartz"
					}
				],
				"hint": {
					"text": "Disk Support"
				},
				"decipher": {
					"decipher": {
						"block": "minecraft:quartz_block",
						"data": 32767
					},
					"hint": "Should be able to support the delicate circuitry."
				}
			},
			"S": {
				"item": [
					"contenttweaker:melon_circuit",
					{
						"item": "cyberware:component",
						"data": 3
					},
					{
						"type": "forge:ore_dict",
						"ore": "circuitBasic"
					},
					{
						"type": "forge:ore_dict",
						"ore": "circuitAdvanced"
					},
					{
						"type": "forge:ore_dict",
						"ore": "circuitElite"
					},
					{
						"type": "forge:ore_dict",
						"ore": "itemSilicon"
					}
				],
				"hint": {
					"text": "Material-to-Energy Circuitry"
				}
			},
			"R": {
				"item": [
					"#gold",
					"#redstone",
					{
						"type": "forge:ore_dict",
						"ore": "blockElectrotine"
					},
					{
						"type": "forge:ore_dict",
						"ore": "ingotElectrotineAlloy"
					},
					{
						"type": "forge:ore_dict",
						"ore": "dustElectrotine"
					},
					{
						"type": "forge:ore_dict",
						"ore": "itemSilicon"
					},
					{
						"type": "forge:ore_dict",
						"ore": "gemQuartz"
					},
					{
						"type": "forge:ore_dict",
						"ore": "ingotIron"
					}
				],
				"hint": {
					"text": "Electrical Disk Internals"
				},
				"decipher": {
					"decipher": {
						"block": "minecraft:redstone_block",
						"data": 0
					},
					"hint": "Should be reactive enough to contain the data."
				}
			}
		}
	},
	"unlock": [
			{
				"type": "gamestages:stage",
				"stage": "storage_compression",
				"message": "Updating recipe archives.... update complete."
			}
		]
}