{
  "display": {
    "icon": {
      "item": "minecraft:comparator"
    },
    "title": {
      "text": "Technology"
    },
    "description": {
      "text": "Delving into more advanced technologies is sure to be beneficial. I don't have much left over in my data banks. I should start by analyzing the basic ones I can already create."
    },
    "x": 0,
    "y": 0
  },
  "idea": {
    "amount": 3,
    "ingredients": [
		"#tech",
		"wopper:wopper",
		"minecraft:noteblock",
		"minecraft:tripwire_hook",
		"minecraft:redstone_torch",
		"minecraft:wooden_button",
		"minecraft:stone_button",
		"minecraft:lever",
		"minecraft:stone_pressure_plate",
		"minecraft:wooden_pressure_plate",
		"minecraft:light_weighted_pressure_plate",
		"minecraft:heavy_weighted_pressure_plate",
		"minecraft:dispenser",
		"minecraft:dropper",
		"minecraft:redstone_lamp",
		"minecraft:activator_rail",
		"minecraft:detector_rail",
		"minecraft:golden_rail",
		"minecraft:rail",
		"minecraft:minecart",
		"minecraft:chest_minecart",
		"minecraft:hopper_minecart",
		"minecraft:furnace_minecart",
		"minecraft:repeater",
		"minecraft:comparator",
		"minecraft:redstone",
		"minecraft:redstone_block",
		"minecraft:redstone_torch",
		{
			"item": "projectred-core:resource_item",
			"data": 104
		},
		{
			"item": "projectred-core:resource_item",
			"data": 105
		},
		{
			"item": "projectred-core:resource_item",
			"data": 252
		},
		{
			"item": "projectred-core:resource_item",
			"data": 312
		},
		{
			"item": "projectred-core:resource_item",
			"data": 342
		},
		{
			"item": "artisanworktables:worktable",
			"data": 6
		},
		{
			"item": "artisanworktables:workstation",
			"data": 6
		},
		{
			"item": "artisanworktables:workshop",
			"data": 6
		},
		{
			"type": "forge:ore_dict",
			"ore": "door"
		},
		{
			"type": "forge:ore_dict",
			"ore": "trapdoor"
		},
		{
			"type": "forge:ore_dict",
			"ore": "fenceGateWood"
		}
    ]
  },
  "unlock": [
		"faufil:faucet",
		"faufil:hopperpipe",
		"faufil:hopperfilter",
		"minecraft:sticky_piston",
		"minecraft:hopper",
		"minecraft:piston",
		"minecraft:dispenser",
		"minecraft:dropper",
		"minecraft:observer",
		"minecraft:redstone_lamp",
		"minecraft:comparator",
		"minecraft:repeater",
		"minecraft:daylight_detector",
		"minecraft:light_weighted_pressure_plate",
		"minecraft:heavy_weighted_pressure_plate"
  ]
}