{
  "display": {
    "icon": {
      "item": "thermalexpansion:machine"
    },
    "title": {
      "text": "Thermal Technology"
    },
    "description": {
      "text": "I'm going to need more advanced tech than what I've got. If I can find some rarer and stronger metals (and some ways to make power), I should be able to do just that."
    },
    "x": 0,
    "y": 2
  },
	"parent": "cyborg:technology/technology",
	"idea": {
		"amount": 3,
		"ingredients": [
			"#fuel",
			"#tech",
			"#gear",
			"#gold",
			"#redstone",
			"#electrotine",
			{
				"type": "ftgumod:fluid",
				"fluid": "lava"
			},
			{
				"item": "extrautils2:machine",
				"data": 0,
				"nbt": {"Type": "extrautils2:crusher"}
			},
			{
				"item": "extrautils2:machine",
				"data": 0,
				"nbt": {"Type": "extrautils2:furnace"}
			},
			{
				"type": "forge:ore_dict",
				"ore": "blockSilver"
			},
			{
				"type": "forge:ore_dict",
				"ore": "ingotSilver"
			},
			{
				"type": "forge:ore_dict",
				"ore": "nuggetSilver"
			},
			{
				"type": "forge:ore_dict",
				"ore": "blockLead"
			},
			{
				"type": "forge:ore_dict",
				"ore": "ingotLead"
			},
			{
				"type": "forge:ore_dict",
				"ore": "nuggetLead"
			},
			{
				"type": "forge:ore_dict",
				"ore": "blockIron"
			},
			{
				"type": "forge:ore_dict",
				"ore": "ingotIron"
			},
			{
				"type": "forge:ore_dict",
				"ore": "nuggetIron"
			},
			{
				"type": "forge:ore_dict",
				"ore": "blockSteel"
			},
			{
				"type": "forge:ore_dict",
				"ore": "ingotSteel"
			},
			{
				"type": "forge:ore_dict",
				"ore": "nuggetSteel"
			},
			{
				"type": "forge:ore_dict",
				"ore": "blockElectrum"
			},
			{
				"type": "forge:ore_dict",
				"ore": "ingotElectrum"
			},
			{
				"type": "forge:ore_dict",
				"ore": "nuggetElectrum"
			},
			{
				"type": "forge:ore_dict",
				"ore": "blockBronze"
			},
			{
				"type": "forge:ore_dict",
				"ore": "ingotBronze"
			},
			{
				"type": "forge:ore_dict",
				"ore": "nuggetBronze"
			}
		]
	},
	"research": {
		"type": "ftgumod:match",
		"pattern": [
			"IGI",
			"GTG",
			"IGI"
		],
		"key": {
			"I": {
				"item": [
					{
						"type": "forge:ore_dict",
						"ore": "oreIron"
					},
					{
						"type": "forge:ore_dict",
						"ore": "blockIron"
					},
					{
						"type": "forge:ore_dict",
						"ore": "ingotIron"
					},
					{
						"type": "forge:ore_dict",
						"ore": "nuggetIron"
					},
					{
						"type": "forge:ore_dict",
						"ore": "blockBronze"
					},
					{
						"type": "forge:ore_dict",
						"ore": "ingotBronze"
					},
					{
						"type": "forge:ore_dict",
						"ore": "nuggetBronze"
					}
				],
				"hint": {
					"text": "Frame Structure"
				},
				"decipher": {
					"decipher": {
						"block": "minecraft:iron_block",
						"data": 32767
					},
					"hint": "Iron is strong enough to serve my needs."
				}
			},
				"G": {
				"item": [
					{
						"item": "ceramics:unfired_clay",
						"data": 5
					},
					{
						"item": "ceramics:unfired_clay",
						"data": 9
					},
					{
						"type": "forge:ore_dict",
						"ore": "blockGlass"
					},
					{
						"type": "forge:ore_dict",
						"ore": "paneGlass"
					},
					{
						"type": "forge:ore_dict",
						"ore": "sand"
					},
					{
						"item": "extrautils2:decorativeglass",
						"data": 0
					},
					{
						"item": "extrautils2:decorativeglass",
						"data": 1
					},
					{
						"item": "extrautils2:decorativeglass",
						"data": 2
					},
					{
						"item": "extrautils2:decorativeglass",
						"data": 3
					},
					{
						"item": "extrautils2:decorativeglass",
						"data": 4
					},
					{
						"item": "extrautils2:decorativeglass",
						"data": 5
					},
					{
						"item": "natura:nether_glass",
						"data": 0
					},
					{
						"item": "natura:nether_glass",
						"data": 1
					}
				],
				"hint": {
					"text": "Lightweight Frame Support"
				},
				"decipher": {
					"decipher": {
						"block": "minecraft:glass",
						"data": 32767
					},
					"hint": "Should be lightweight yet thermally conductive enough to work."
				}
			},
				"T": {
				"item": [
					"#gear",
					"#electrotine",
					"contenttweaker:melon_circuit",
					{
						"item": "cyberware:component",
						"data": 3
					},
					{
						"type": "forge:ore_dict",
						"ore": "circuitBasic"
					},
					{
						"type": "forge:ore_dict",
						"ore": "circuitAdvanced"
					},
					{
						"type": "forge:ore_dict",
						"ore": "circuitElite"
					}
				],
				"hint": {
					"text": "Frame Internals"
				}
			}
		}
	},
	"unlock": [
			{
				"type": "gamestages:stage",
				"stage": "technology",
				"message": "Updating recipe archives....update complete."
			}
		]
}