{
  "display": {
    "icon": {
      "item": "thermalexpansion:machine"
    },
    "title": {
      "text": "Thermal Technology"
    },
    "description": {
      "text": "I'm going to need more advanced tech than what I've got. If I can find some rarer and stronger metals (and some ways to make power), I should be able to do just that."
    },
    "x": 0,
    "y": 2
  },
	"parent": "cyborg:technology/technology",
	"idea": {
		"amount": 3,
		"ingredients": [
			"#tech",
			"#gear",
			"#plate",
			"#gold",
			"#iron",
			"#steel",
			"#bronze",
			"#redstone",
			"#electrotine",
			"minecraft:glowstone",
			"minecraft:glowstone_dust",
			"glacidus:glacidite_fragment",
			"glacidus:opesium",
			"glacidus:crysium",
			"glacidus:eukeite",
			{
				"item": "extrautils2:machine",
				"data": 0,
				"nbt": {"Type": "extrautils2:crusher"}
			},
			{
				"item": "extrautils2:machine",
				"data": 0,
				"nbt": {"Type": "extrautils2:furnace"}
			},
			{
				"item": "extrautils2:machine",
				"data": 0,
				"nbt": {"Type": "extrautils2:generator"}
			},
			{
				"item": "extrautils2:machine",
				"data": 0,
				"nbt": {"Type": "extrautils2:generator_overclock"}
			},
			{
				"type": "forge:ore_dict",
				"ore": "oreSilver"
			},
			{
				"type": "forge:ore_dict",
				"ore": "blockSilver"
			},
			{
				"type": "forge:ore_dict",
				"ore": "ingotSilver"
			},
			{
				"type": "forge:ore_dict",
				"ore": "nuggetSilver"
			},
			{
				"type": "forge:ore_dict",
				"ore": "oreLead"
			},
			{
				"type": "forge:ore_dict",
				"ore": "blockLead"
			},
			{
				"type": "forge:ore_dict",
				"ore": "ingotLead"
			},
			{
				"type": "forge:ore_dict",
				"ore": "nuggetLead"
			},
			{
				"type": "forge:ore_dict",
				"ore": "oreCopper"
			},
			{
				"type": "forge:ore_dict",
				"ore": "blockCopper"
			},
			{
				"type": "forge:ore_dict",
				"ore": "ingotCopper"
			},
			{
				"type": "forge:ore_dict",
				"ore": "nuggetCopper"
			},
			{
				"type": "forge:ore_dict",
				"ore": "oreTin"
			},
			{
				"type": "forge:ore_dict",
				"ore": "blockTin"
			},
			{
				"type": "forge:ore_dict",
				"ore": "ingotTin"
			},
			{
				"type": "forge:ore_dict",
				"ore": "nuggetTin"
			},
			{
				"type": "forge:ore_dict",
				"ore": "blockElectrum"
			},
			{
				"type": "forge:ore_dict",
				"ore": "ingotElectrum"
			},
			{
				"type": "forge:ore_dict",
				"ore": "nuggetElectrum"
			},
			{
				"type": "forge:ore_dict",
				"ore": "oreXP"
			},
			{
				"type": "ftgumod:fluid",
				"fluid": "lava"
			}
		]
	},
	"research": {
		"type": "ftgumod:match",
		"pattern": [
			"MLM",
			"LFL",
			"MLM"
		],
		"key": {
			"M": {
				"item": [
					"#iron",
					"#steel",
					"#bronze"
				],
				"hint": {
					"text": "Metallic Frame Structure"
				},
				"decipher": {
					"decipher": {
						"block": "minecraft:iron_ore",
						"data": 32767
					},
					"hint": "Iron is strong enough to serve my needs."
				}
			},
			"L": {
				"item": [
					{
						"item": "ceramics:unfired_clay",
						"data": 5
					},
					{
						"item": "ceramics:unfired_clay",
						"data": 9
					},
					{
						"item": "extrautils2:decorativeglass",
						"data": 0
					},
					{
						"item": "extrautils2:decorativeglass",
						"data": 1
					},
					{
						"item": "extrautils2:decorativeglass",
						"data": 2
					},
					{
						"item": "extrautils2:decorativeglass",
						"data": 3
					},
					{
						"item": "extrautils2:decorativeglass",
						"data": 4
					},
					{
						"item": "extrautils2:decorativeglass",
						"data": 5
					},
					{
						"item": "natura:nether_glass",
						"data": 0
					},
					{
						"item": "natura:nether_glass",
						"data": 1
					},
					{
						"type": "forge:ore_dict",
						"ore": "blockGlass"
					},
					{
						"type": "forge:ore_dict",
						"ore": "paneGlass"
					},
					{
						"type": "forge:ore_dict",
						"ore": "sand"
					}
				],
				"hint": {
					"text": "Lightweight Frame Support"
				},
				"decipher": {
					"decipher": {
						"block": "minecraft:glass",
						"data": 32767
					},
					"hint": "Should be lightweight yet thermally conductive enough to work."
				}
			},
			"F": {
				"item": [
					"#gear",
					"#circuit",
					"#electrotine",
					{
						"item": "extrautils2:ingredients",
						"data": 0
					},
					{
						"item": "extrautils2:ingredients",
						"data": 2
					}
				],
				"hint": {
					"text": "Frame Internals"
				}
			}
		}
	},
	"unlock": [
			"tesseract:tesseract",
			{
				"type": "gamestages:stage",
				"stage": "thermal_technology",
				"message": "Updating recipe archives.... update complete."
			}
		]
}