[
   {
	 "ingredient": [
		"minecraft:bone",
		"glacidus:underground_planks",
		"glacidus:frozen_antinatric_stone",
		"glacidus:thawed_antinatric_stone",
		"glacidus:eukeite",
		"glacidus:glacidite_fragment",
		"pristeel:pristeel_ingot",
		{
			"type": "forge:ore_dict",
			"ore": "logWood"
		},
		{
			"type": "forge:ore_dict",
			"ore": "plankWood"
		},
		{
			"type": "forge:ore_dict",
			"ore": "cobblestone"
		},
		{
			"type": "forge:ore_dict",
			"ore": "stone"
		},
		{
			"type": "forge:ore_dict",
			"ore": "ingotIron"
		},
		{
			"type": "forge:ore_dict",
			"ore": "ingotGold"
		},
		{
			"type": "forge:ore_dict",
			"ore": "gemDiamond"
		},
		{
			"type": "forge:ore_dict",
			"ore": "gemRuby"
		},
		{
			"type": "forge:ore_dict",
			"ore": "gemPeridot"
		},
		{
			"type": "forge:ore_dict",
			"ore": "gemSapphire"
		},
		{
			"type": "forge:ore_dict",
			"ore": "ingotIridium"
		},
		{
			"type": "forge:ore_dict",
			"ore": "ingotPlatinum"
		},
		{
			"type": "forge:ore_dict",
			"ore": "ingotVulcanite"
		},
		{
			"type": "forge:ore_dict",
			"ore": "ingotInvar"
		},
		{
			"type": "forge:ore_dict",
			"ore": "ingotSteel"
		},
		{
			"type": "forge:ore_dict",
			"ore": "ingotBronze"
		},
		{
			"type": "forge:ore_dict",
			"ore": "ingotConstantan"
		}
	],
	"name": "artisan"
  },
  {
    "ingredient": [
		"minecraft:sign",
		"minecraft:ladder",
		"minecraft:wooden_button",
		"minecraft:wooden_pressure_plate",
		"artisanworktables:artisans_cutting_board_wood",
		"byg:woodenmortar",
		"chesttransporter:chesttransporter",
		"extrautils2:spike_wood",
		"glacidus:underground_planks",
		"glacidus:underground_ladder",
		"glacidus:underground_bucket",
		"natura:redwood_button",
		"natura:ghostwood_button",
		"natura:bloodwood_button",
		"natura:fusewood_button",
		"natura:darkwood_button",
		"natura:redwood_pressure_plate",
		"natura:ghostwood_pressure_plate",
		"natura:bloodwood_pressure_plate",
		"natura:fusewood_pressure_plate",
		"natura:darkwood_pressure_plate",
		"openblocks:big_button_wood",
		"openblocks:ladder",
		"wopper:wopper",
		{
			"item": "minecraft:shield",
			"data": 32767
		},
		{
			"item": "extrautils2:decorativesolidwood",
			"data": 1
		},
		{
			"item": "extrautils2:decorativesolidwood",
			"data": 2
		},
		{
			"item": "thermalfoundation:material",
			"data": 801
		},
		{
		"type": "forge:ore_dict",
			"ore": "logWood"
		},
		{
			"type": "forge:ore_dict",
			"ore": "plankWood"
		},
		{
			"type": "forge:ore_dict",
			"ore": "stickWood"
		},
		{
			"type": "forge:ore_dict",
			"ore": "slabWood"
		},
		{
			"type": "forge:ore_dict",
			"ore": "stairWood"
		},
		{
			"type": "forge:ore_dict",
			"ore": "doorWood"
		},
		{
			"type": "forge:ore_dict",
			"ore": "trapdoorWood"
		},
		{
			"type": "forge:ore_dict",
			"ore": "fenceGateWood"
		},
		{
			"type": "forge:ore_dict",
			"ore": "fenceWood"
		},
		{
			"type": "forge:ore_dict",
			"ore": "craftingTableWood"
		},
		{
			"type": "forge:ore_dict",
			"ore": "chestWood"
		},
		{
			"type": "forge:ore_dict",
			"ore": "bookshelf"
		},
		{
			"type": "forge:ore_dict",
			"ore": "drawerBasic"
		},
		{
			"type": "forge:ore_dict",
			"ore": "bowlWood"
		},
		{
			"type": "forge:ore_dict",
			"ore": "dustWood"
		},
		{
			"type": "forge:ore_dict",
			"ore": "artisansToolWood"
		}
    ],
    "name": "wood"
  },
  {
	"ingredient": [
		"minecraft:mossy_cobblestone",
		"minecraft:stone_pressure_plate",
		"minecraft:stone_brick_stairs",
		"minecraft:stone_stairs",
		"extrautils2:spike_stone",
		"glacidus:frozen_antinatric_stone",
		"glacidus:thawed_antinatric_stone",
		"openblocks:big_button",
		"playerplates:mossy_plate",
		"playerplates:invisible_mossy_plate",
		"sct:stone_crafting_table",
		"stonechest:chest_cobblestone",
		"stonechest:chest_stone",
		"stonechest:part_cobblestone",
		"stonechest:part_stone",
		"wetstone:wetstone",
		{
			"item": "minecraft:stone_slab",
			"data": 0
		},
		{
			"item": "minecraft:stone_slab",
			"data": 3
		},
		{
			"item": "minecraft:stone_slab",
			"data": 5
		},
		{
			"item": "minecraft:cobblestone_wall",
			"data": 1
		},
		{
			"item": "extrautils2:compressedcobblestone",
			"data": 0
		},
		{
			"item": "extrautils2:compressedcobblestone",
			"data": 1
		},
		{
			"item": "extrautils2:compressedcobblestone",
			"data": 2
		},
		{
			"item": "extrautils2:compressedcobblestone",
			"data": 3
		},
		{
			"item": "extrautils2:compressedcobblestone",
			"data": 4
		},
		{
			"item": "extrautils2:compressedcobblestone",
			"data": 5
		},
		{
			"item": "extrautils2:compressedcobblestone",
			"data": 6
		},
		{
			"item": "extrautils2:compressedcobblestone",
			"data": 7
		},
		{
			"item": "extrautils2:decorativesolid",
			"data": 0
		},
		{
			"item": "extrautils2:decorativesolid",
			"data": 1
		},
		{
			"item": "extrautils2:decorativesolid",
			"data": 2
		},
		{
			"item": "extrautils2:decorativesolid",
			"data": 3
		},
		{
			"item": "improvedbackpacks:upgrade",
			"data": 1
		},
		{
			"item": "multistorage:stone_storage",
			"data": 0
		},
		{
			"item": "multistorage:stone_storage",
			"data": 1
		},
		{
			"item": "multistorage:stone_storage",
			"data": 2
		},
		{
			"item": "multistorage:stone_storage",
			"data": 5
		},
		{
			"item": "multistorage:stone_storage",
			"data": 6
		},
		{
			"item": "multistorage:stone_storage",
			"data": 7
		},
		{
			"item": "multistorage:stone_storage",
			"data": 8
		},
		{
			"item": "projectred-exploration:stone",
			"data": 1
		},
		{
			"item": "projectred-exploration:stone",
			"data": 2
		},
		{
			"item": "projectred-exploration:stone",
			"data": 4
		},
		{
			"item": "projectred-exploration:stone_wall",
			"data": 0
		},
		{
			"item": "projectred-exploration:stone_wall",
			"data": 1
		},
		{
			"item": "projectred-exploration:stone_wall",
			"data": 2
		},
		{
			"item": "projectred-exploration:stone_wall",
			"data": 3
		},
		{
			"item": "projectred-exploration:stone_wall",
			"data": 4
		},
		{
			"item": "projectred-exploration:stone_sickle",
			"data": 32767
		},
		{
			"item": "thermalfoundation:tool.shears_stone",
			"data": 32767
		},
		{
			"type": "forge:ore_dict",
			"ore": "stone"
		},
		{
			"type": "forge:ore_dict",
			"ore": "stoneMarble"
		},
		{
			"type": "forge:ore_dict",
			"ore": "stoneBasalt"
		},
		{
			"type": "forge:ore_dict",
			"ore": "cobblestone"
		},
		{
			"type": "forge:ore_dict",
			"ore": "bricksStone"
		},
		{
			"type": "forge:ore_dict",
			"ore": "stoneBowl"
		},
		{
			"type": "forge:ore_dict",
			"ore": "rodStone"
		},
		{
			"type": "forge:ore_dict",
			"ore": "artisansToolStone"
		}
    ],
    "name": "stone"
  },
  {
    "ingredient": [
		"minecraft:iron_bars",
		"minecraft:iron_door",
		"minecraft:iron_trapdoor",
		"minecraft:iron_horse_armor",
		"minecraft:heavy_weighted_pressure_plate",
		"byg:chainplating",
		"dse:armorplate",
		"extrautils2:spike_iron",
		"furnaceoverhaul:iron_furnace",
		"furnaceoverhaul:iron_kit",
		"ironchest:wood_iron_chest_upgrade",
		"ironchest:copper_iron_chest_upgrade",
		"ironchest:iron_chest",
		"simplyarrows:arrow_iron",
		{
			"item": "minecraft:iron_sword",
			"data": 32767
		},
		{
			"item": "minecraft:iron_pickaxe",
			"data": 32767
		},
		{
			"item": "minecraft:iron_shovel",
			"data": 32767
		},
		{
			"item": "minecraft:iron_hoe",
			"data": 32767
		},
		{
			"item": "minecraft:iron_axe",
			"data": 32767
		},
		{
			"item": "minecraft:iron_helmet",
			"data": 32767
		},
		{
			"item": "minecraft:iron_chestplate",
			"data": 32767
		},
		{
			"item": "minecraft:iron_leggings",
			"data": 32767
		},
		{
			"item": "minecraft:iron_boots",
			"data": 32767
		},
		{
			"item": "minecraft:chainmail_helmet",
			"data": 32767
		},
		{
			"item": "minecraft:chainmail_chestplate",
			"data": 32767
		},
		{
			"item": "minecraft:chainmail_leggings",
			"data": 32767
		},
		{
			"item": "minecraft:chainmail_boots",
			"data": 32767
		},
		{
			"item": "minecraft:shield",
			"data": 32767
		},
		{
			"item": "alchemistry:element",
			"data": 26
		},
		{
			"item": "extrautils2:drum",
			"data": 1
		},
		{
			"item": "extrautils2:simpledecorative",
			"data": 2
		},
		{
			"item": "extrautils2:ingredients",
			"data": 17
		},
		{
			"item": "chisel:chisel_iron",
			"data": 32767
		},
			{
			"item": "chesttransporter:chesttransporter_iron",
			"data": 32767
		},
		{
			"item": "dse:hammeriron",
			"data": 32767
		},
		{
			"item": "microblockcbe:saw_iron",
			"data": 32767
		},
		{
			"item": "multitools:paxel_iron",
			"data": 32767
		},
		{
			"item": "multitools:universaltool_iron",
			"data": 32767
		},
		{
			"item": "projectred-exploration:iron_sickle",
			"data": 32767
		},
		{
			"item": "projectred-core:resource_item",
			"data": 251
		},
		{
			"item": "projectred-core:resource_item",
			"data": 252
		},
		{
			"item": "projectred-core:resource_item",
			"data": 401
		},
		{
			"item": "thermalfoundation:material",
			"data": 512
		}, 
		{
			"item": "thermalfoundation:tool.bow_iron",
			"data": 32767
		},
		{
			"item": "thermalfoundation:tool.fishing_rod_iron",
			"data": 32767
		},
		{
			"item": "thermalfoundation:tool.hammer_iron",
			"data": 32767
		},
		{
			"item": "thermalfoundation:tool.excavator_iron",
			"data": 32767
		},
		{
			"item": "thermalfoundation:tool.shield_iron",
			"data": 32767
		},
		{
			"type": "forge:ore_dict",
			"ore": "oreIron"
		},
		{
			"type": "forge:ore_dict",
			"ore": "blockIron"
		},
		{
			"type": "forge:ore_dict",
			"ore": "ingotIron"
		},
		{
			"type": "forge:ore_dict",
			"ore": "nuggetIron"
		},
		{
			"type": "forge:ore_dict",
			"ore": "dustIron"
		},
		{
			"type": "forge:ore_dict",
			"ore": "plateIron"
		},
		{
			"type": "forge:ore_dict",
			"ore": "gearIron"
		},
		{
			"type": "forge:ore_dict",
			"ore": "coinIron"
		},
		{
			"type": "forge:ore_dict",
			"ore": "artisansToolIron"
		}
    ],
    "name": "iron"
  },
  {
    "ingredient": [
		"minecraft:golden_carrot",
		"minecraft:golden_horse_armor",
		"minecraft:light_weighted_pressure_plate",
		"byg:goldenbeetroot",
		"extrautils2:goldenlasso",
		"extrautils2:spike_gold",
		"furnaceoverhaul:gold_furnace",
		"furnaceoverhaul:gold_kit",
		"openblocks:golden_egg",
		"xlfoodmod:golden_apple_pie",
		{
			"item": "minecraft:golden_apple",
			"data": 0
		},
		{
			"item": "minecraft:golden_apple",
			"data": 1
		},
		{
			"item": "minecraft:golden_sword",
			"data": 32767
		},
		{
			"item": "minecraft:golden_pickaxe",
			"data": 32767
		},
		{
			"item": "minecraft:golden_shovel",
			"data": 32767
		},
		{
			"item": "minecraft:golden_hoe",
			"data": 32767
		},
		{
			"item": "minecraft:golden_axe",
			"data": 32767
		},
		{
			"item": "minecraft:golden_helmet",
			"data": 32767
		},
		{
			"item": "minecraft:golden_chestplate",
			"data": 32767
		},
		{
			"item": "minecraft:golden_leggings",
			"data": 32767
		},
		{
			"item": "minecraft:golden_boots",
			"data": 32767
		},
		{
			"item": "alchemistry:element",
			"data": 79
		},
		{
			"item": "chesttransporter:chesttransporter_gold",
			"data": 32767
		},
		{
			"item": "multitools:paxel_gold",
			"data": 32767
		},
		{
			"item": "multitools:universaltool_gold",
			"data": 32767
		},
		{
			"item": "openblocks:golden_eye",
			"data": 32767
		},
		{
			"item": "projectred-exploration:golden_saw",
			"data": 32767
		},
		{
			"item": "projectred-exploration:golden_sickle",
			"data": 32767
		},
		{
			"item": "projectred-core:resource_item",
			"data": 402
		},
		{
			"item": "thermalfoundation:tool.bow_gold",
			"data": 32767
		},
		{
			"item": "thermalfoundation:tool.fishing_rod_gold",
			"data": 32767
		},
		{
			"item": "thermalfoundation:tool.hammer_gold",
			"data": 32767
		},
		{
			"item": "thermalfoundation:tool.excavator_gold",
			"data": 32767
		},
		{
			"item": "thermalfoundation:tool.shield_gold",
			"data": 32767
		},
		{
			"type": "forge:ore_dict",
			"ore": "oreGold"
		},
		{
			"type": "forge:ore_dict",
			"ore": "blockGold"
		},
		{
			"type": "forge:ore_dict",
			"ore": "ingotGold"
		},
		{
			"type": "forge:ore_dict",
			"ore": "nuggetGold"
		},
		{
			"type": "forge:ore_dict",
			"ore": "dustGold"
		},
		{
			"type": "forge:ore_dict",
			"ore": "plateGold"
		},
		{
			"type": "forge:ore_dict",
			"ore": "gearGold"
		},
		{
			"type": "forge:ore_dict",
			"ore": "coinGold"
		},
		{
			"type": "forge:ore_dict",
			"ore": "artisansToolGold"
		}
    ],
    "name": "gold"
  },
  {
    "ingredient": [
		"minecraft:diamond_horse_armor",
		"extrautils2:spike_diamond",
		"furnaceoverhaul:diamond_furnace",
		"furnaceoverhaul:diamond_kit",
		{
			"item": "minecraft:diamond_sword",
			"data": 32767
		},
		{
			"item": "minecraft:diamond_pickaxe",
			"data": 32767
		},
		{
			"item": "minecraft:diamond_shovel",
			"data": 32767
		},
		{
			"item": "minecraft:diamond_hoe",
			"data": 32767
		},
		{
			"item": "minecraft:diamond_axe",
			"data": 32767
		},
		{
			"item": "minecraft:diamond_helmet",
			"data": 32767
		},
		{
			"item": "minecraft:diamond_chestplate",
			"data": 32767
		},
		{
			"item": "minecraft:diamond_leggings",
			"data": 32767
		},
		{
			"item": "minecraft:diamond_boots",
			"data": 32767
		},
		{
			"item": "alchemistry:element",
			"data": 6
		},
		{
			"item": "chesttransporter:chesttransporter_diamond",
			"data": 32767
		},
		{
			"item": "chisel:chisel_diamond",
			"data": 32767
		},
		{
			"item": "dse:armorplate",
			"data": 1
		},
		{
			"item": "microblockcbe:saw_diamond",
			"data": 32767
		},
		{
			"item": "multitools:paxel_diamond",
			"data": 32767
		},
		{
			"item": "multitools:universaltool_diamond",
			"data": 32767
		},
		{
			"item": "projectred-exploration:diamond_sickle",
			"data": 32767
		},
		{
			"item": "thermalfoundation:tool.bow_diamond",
			"data": 32767
		},
		{
			"item": "thermalfoundation:tool.fishing_rod_diamond",
			"data": 32767
		},
		{
			"item": "thermalfoundation:tool.hammer_diamond",
			"data": 32767
		},
		{
			"item": "thermalfoundation:tool.excavator_diamond",
			"data": 32767
		},
		{
			"item": "thermalfoundation:tool.shield_diamond",
			"data": 32767
		},
		{
			"type": "forge:ore_dict",
			"ore": "oreDiamond"
		},
		{
			"type": "forge:ore_dict",
			"ore": "blockDiamond"
		},
		{
			"type": "forge:ore_dict",
			"ore": "gemDiamond"
		},
		{
			"type": "forge:ore_dict",
			"ore": "nuggetDiamond"
		},
		{
			"type": "forge:ore_dict",
			"ore": "dustDiamond"
		},
		{
			"type": "forge:ore_dict",
			"ore": "plateDiamond"
		},
		{
			"type": "forge:ore_dict",
			"ore": "gearDiamond"
		},
		{
			"type": "forge:ore_dict",
			"ore": "artisansToolDiamond"
		}
    ],
    "name": "diamond"
  },
  {
    "ingredient": [
		{
			"item": "dse:armorplate",
			"data": 2
		},
		{
			"item": "dse:hammersteel",
			"data": 32767
		},
		"pristeel:pristeel_ingot",
		"pristeel:pristeel_block",
		{
			"item": "pristeel:pristeel_sword",
			"data": 32767
		},
		{
			"item": "pristeel:pristeel_pickaxe",
			"data": 32767
		},
		{
			"item": "pristeel:pristeel_shovel",
			"data": 32767
		},
		{
			"item": "pristeel:pristeel_hoe",
			"data": 32767
		},
		{
			"item": "pristeel:pristeel_axe",
			"data": 32767
		},
		{
			"item": "pristeel:pristeel_dagger",
			"data": 32767
		},
		{
			"item": "pristeel:pristeel_helmet",
			"data": 32767
		},
		{
			"item": "pristeel:pristeel_chestplate",
			"data": 32767
		},
		{
			"item": "pristeel:pristeel_legs",
			"data": 32767
		},
		{
			"item": "pristeel:pristeel_boots",
			"data": 32767
		},
		{
			"item": "thermalfoundation:glass_alloy",
			"data": 0
		},
		{
			"type": "forge:ore_dict",
			"ore": "blockSteel"
		},
		{
			"type": "forge:ore_dict",
			"ore": "ingotSteel"
		},
		{
			"type": "forge:ore_dict",
			"ore": "nuggetSteel"
		},
		{
			"type": "forge:ore_dict",
			"ore": "dustSteel"
		},
		{
			"type": "forge:ore_dict",
			"ore": "plateSteel"
		},
		{
			"type": "forge:ore_dict",
			"ore": "gearSteel"
		},
		{
			"type": "forge:ore_dict",
			"ore": "coinSteel"
		},
		{
			"type": "forge:ore_dict",
			"ore": "artisansToolPristeel"
		},
		{
			"type": "forge:ore_dict",
			"ore": "artisansToolSteel"
		}
    ],
    "name": "steel"
  },
  {
    "ingredient": [
		{
			"item": "dse:armorplate",
			"data": 5
		},
		{
			"item": "thermalfoundation:glass_alloy",
			"data": 3
		},
		{
			"item": "thermalfoundation:tool.sword_bronze",
			"data": 32767
		},
		{
			"item": "thermalfoundation:tool.pickaxe_bronze",
			"data": 32767
		},
		{
			"item": "thermalfoundation:tool.shovel_bronze",
			"data": 32767
		},
		{
			"item": "thermalfoundation:tool.hoe_bronze",
			"data": 32767
		},
		{
			"item": "thermalfoundation:tool.axe_bronze",
			"data": 32767
		},
		{
			"item": "thermalfoundation:armor.helmet_bronze",
			"data": 32767
		},
		{
			"item": "thermalfoundation:armor.plate_bronze",
			"data": 32767
		},
		{
			"item": "thermalfoundation:armor.legs_bronze",
			"data": 32767
		},
		{
			"item": "thermalfoundation:armor.boots_bronze",
			"data": 32767
		},
		{
			"item": "thermalfoundation:tool.bow_bronze",
			"data": 32767
		},
		{
			"item": "thermalfoundation:tool.fishing_rod_bronze",
			"data": 32767
		},
		{
			"item": "thermalfoundation:tool.sickle_bronze",
			"data": 32767
		},
		{
			"item": "thermalfoundation:tool.hammer_bronze",
			"data": 32767
		},
		{
			"item": "thermalfoundation:tool.excavator_bronze",
			"data": 32767
		},
		{
			"item": "thermalfoundation:tool.shield_bronze",
			"data": 32767
		},
		{
			"type": "forge:ore_dict",
			"ore": "blockBronze"
		},
		{
			"type": "forge:ore_dict",
			"ore": "ingotBronze"
		},
		{
			"type": "forge:ore_dict",
			"ore": "nuggetBronze"
		},
		{
			"type": "forge:ore_dict",
			"ore": "dustBronze"
		},
		{
			"type": "forge:ore_dict",
			"ore": "plateBronze"
		},
		{
			"type": "forge:ore_dict",
			"ore": "gearBronze"
		},
		{
			"type": "forge:ore_dict",
			"ore": "coinBronze"
		},
		{
			"type": "forge:ore_dict",
			"ore": "artisansToolBronze"
		}
    ],
    "name": "bronze"
  },
  {
    "ingredient": [
		{
			"item": "dse:armorplate",
			"data": 7
		},
		{
			"item": "thermalfoundation:glass_alloy",
			"data": 2
		},
		{
			"type": "forge:ore_dict",
			"ore": "blockInvar"
		},
		{
			"type": "forge:ore_dict",
			"ore": "ingotInvar"
		},
		{
			"type": "forge:ore_dict",
			"ore": "nuggetInvar"
		},
		{
			"type": "forge:ore_dict",
			"ore": "dustInvar"
		},
		{
			"type": "forge:ore_dict",
			"ore": "plateInvar"
		},
		{
			"type": "forge:ore_dict",
			"ore": "gearInvar"
		},
		{
			"type": "forge:ore_dict",
			"ore": "coinInvar"
		},
		{
			"type": "forge:ore_dict",
			"ore": "artisansToolInvar"
		}
    ],
    "name": "invar"
  },
  {
    "ingredient": [
		"furnaceoverhaul:emerald_furnace",
		"furnaceoverhaul:emerald_kit",
		{
			"type": "forge:ore_dict",
			"ore": "oreEmerald"
		},
		{
			"type": "forge:ore_dict",
			"ore": "blockEmerald"
		},
		{
			"type": "forge:ore_dict",
			"ore": "gemEmerald"
		},
		{
			"type": "forge:ore_dict",
			"ore": "nuggetEmerald"
		},
		{
			"type": "forge:ore_dict",
			"ore": "dustEmerald"
		},
		{
			"type": "forge:ore_dict",
			"ore": "gearEmerald"
		}
    ],
    "name": "emerald"
  },
  {
    "ingredient": [
		"appliedenergistics2:fluix_block",
		"appliedenergistics2:quartz_block",
		"appliedenergistics2:certus_quartz_wrench",
		"appliedenergistics2:nether_quartz_wrench",
		{
			"item": "appliedenergistics2:material",
			"data": 1
		},
		{
			"item": "appliedenergistics2:certus_quartz_cutting_knife",
			"data": 32767
		},
		{
			"item": "appliedenergistics2:nether_quartz_cutting_knife",
			"data": 32767
		},
		{
			"item": "appliedenergistics2:crystal_seed",
			"data": 32767
		},
		{
			"item": "natura:netherquartz_sword",
			"data": 32767
		},
		{
			"item": "natura:netherquartz_pickaxe",
			"data": 32767
		},
		{
			"item": "natura:netherquartz_shovel",
			"data": 32767
		},
		{
			"item": "natura:netherquartz_kama",
			"data": 32767
		},
		{
			"item": "natura:netherquartz_axe",
			"data": 32767
		},
		{
			"type": "forge:ore_dict",
			"ore": "oreQuartz"
		},
		{
			"type": "forge:ore_dict",
			"ore": "blockQuartz"
		},
		{
			"type": "forge:ore_dict",
			"ore": "gemQuartz"
		},
		{
			"type": "forge:ore_dict",
			"ore": "dustQuartz"
		},
		{
			"type": "forge:ore_dict",
			"ore": "oreCertusQuartz"
		},
		{
			"type": "forge:ore_dict",
			"ore": "crystalCertusQuartz"
		},
		{
			"type": "forge:ore_dict",
			"ore": "crystalPureCertusQuartz"
		},
		{
			"type": "forge:ore_dict",
			"ore": "dustCertusQuartz"
		},
		{
			"type": "forge:ore_dict",
			"ore": "crystalFluix"
		},
		{
			"type": "forge:ore_dict",
			"ore": "crystalPureFluix"
		},
		{
			"type": "forge:ore_dict",
			"ore": "dustFluix"
		},
		{
			"type": "forge:ore_dict",
			"ore": "pearlFluix"
		}
    ],
    "name": "quartz"
  },
  {
    "ingredient": [
		"minecraft:repeater",
		"minecraft:comparator",
		"minecraft:redstone_lamp",
		"minecraft:redstone_torch",
		"compactmachines3:redstonetunneltool", 
		"extrautils2:redstoneclock",
		"extrautils2:redstonelantern",
		"extrautils2:redorchid",
		"thermaldynamics:relay",
		{
			"item": "appliedenergistics2:material",
			"data": 26
		},
		{
			"item": "extrautils2:decorativeglass",
			"data": 5
		},
		{
			"item": "extrautils2:machine",
			"data": 0,
			"nbt": {"Type": "extrautils2:generator_redstone"}
		},
		{
			"item": "extrautils2:ingredients",
			"data": 0
		},
		{
			"item": "extrautils2:ingredients",
			"data": 1
		},
		{
			"item": "extrautils2:ingredients",
			"data": 2
		},
		{
			"item": "storagedrawers:upgrade_redstone",
			"data": 0
		},
		{
			"item": "storagedrawers:upgrade_redstone",
			"data": 1
		},
		{
			"item": "storagedrawers:upgrade_redstone",
			"data": 2
		},
		{
			"item": "thermaldynamics:duct_0",
			"data": 2
		},
		{
			"item": "thermalfoundation:material",
			"data": 512
		},
		{
			"type": "forge:ore_dict",
			"ore": "oreRedstone"
		},
		{
			"type": "forge:ore_dict",
			"ore": "blockRedstone"
		},
		{
			"type": "forge:ore_dict",
			"ore": "dustRedstone"
		},
		{
			"type": "forge:ore_dict",
			"ore": "crystalRedstone"
		},
		{
			"type": "ftgumod:fluid",
			"fluid": "redstone"
		}
    ],
    "name": "redstone"
  },
  {
    "ingredient": [
		{
			"item": "projectred-core:resource_item",
			"data": 104
		},
		{
			"item": "projectred-core:resource_item",
			"data": 252
		},
		{
			"item": "projectred-core:resource_item",
			"data": 312
		},
		{
			"item": "projectred-core:resource_item",
			"data": 342
		},
		{
			"item": "projectred-exploration:stone_wall",
			"data": 11
		},
		{
			"type": "forge:ore_dict",
			"ore": "oreElectrotine"
		},
		{
			"type": "forge:ore_dict",
			"ore": "blockElectrotine"
		},
		{
			"type": "forge:ore_dict",
			"ore": "dustElectrotine"
		}
    ],
    "name": "electrotine"
  },
  {
    "ingredient": [
		"minecraft:sea_lantern",
		{
			"item": "minecraft:prismarine",
			"data": 32767
		},
		{
			"type": "forge:ore_dict",
			"ore": "orePrismarine"
		},
		{
			"type": "forge:ore_dict",
			"ore": "gemPrismarine"
		},
		{
			"type": "forge:ore_dict",
			"ore": "dustPrismarine"
		},
		{
			"type": "forge:ore_dict",
			"ore": "prismarine"
		}
    ],
    "name": "prismarine"
  },
  {
    "ingredient": [
		"compactmachines3:psd",
		"ftbquests:book",
		"ftgumod:research_book",
		"loreexpansion:lore_journal",
		{
			"item": "minecraft:book",
			"data": 32767
		},
		{
			"item": "minecraft:writable_book",
			"data": 32767
		},
		{
			"item": "minecraft:written_book",
			"data": 32767 
		},
		{
			"item": "minecraft:enchanted_book",
			"data": 32767 
		},
		{
			"item": "akashictome:tome",
			"data": 32767 
		},
		{
			"item": "mystcraft:agebook",
			"data": 32767 
		},
		{
			"item": "mystcraft:linkbook",
			"data": 32767 
		},
		{
			"item": "mystcraft:unlinkedbook",
			"data": 32767 
		},
		{
			"item": "patchouli:guide_book",
			"data": 32767 
		},
		{
			"item": "thermalfoundation:tome_experience",
			"data": 32767 
		},
		{
			"type": "forge:ore_dict",
			"ore": "plankWood"
		},
		{
			"type": "forge:ore_dict",
			"ore": "bookshelf"
		},
		{
			"type": "forge:ore_dict",
			"ore": "leather"
		},
		{
			"type": "forge:ore_dict",
			"ore": "paper"
		}
    ],
    "name": "book"
  },
  {
    "ingredient": [
		"minecraft:blaze_rod",
		"minecraft:fire_charge",
		"minecraft:ender_pearl",
		"minecraft:ender_eye",
		"minecraft:gunpowder",
		"minecraft:tnt",
		"minecraft:nether_star",
		"minecraft:dragon_breath",
		"minecraft:ice",
		"minecraft:packed_ice",
		"minecraft:snowball",
		"minecraft:snow_layer",
		"minecraft:snow",
		"minecraft:bone",
		"minecraft:bone_block",
		"minecraft:rotten_flesh",
		{
			"item": "minecraft:skull",
			"data": 1
		},
		{
			"item": "minecraft:enchanted_book",
			"data": 32767
		},
		"cm:crimson_coal",
		"minicoal:minicoal",
		"minicoal:minicharcoal",
		"nibrockscoal:iron_coal",
		"nibrockscoal:gold_coal",
		"nibrockscoal:diamond_coal",
		{
			"item": "minecraft:coal",
			"data": 0
		},
		{
			"item": "minecraft:coal",
			"data": 1
		},
		{
			"item": "alchemistry:element",
			"data": 1
		},
		{
			"item": "alchemistry:element",
			"data": 6
		},
		{
			"item": "alchemistry:compound",
			"data": 34
		},
		{
			"item": "alchemistry:compound",
			"data": 35
		},
		{
			"item": "alchemistry:compound",
			"data": 36
		},
		{
			"item": "alchemistry:compound",
			"data": 37
		},
		{
			"item": "alchemistry:compound",
			"data": 38
		},
		{
			"item": "alchemistry:compound",
			"data": 39
		},
		{
			"item": "extrautils2:ingredients",
			"data": 4
		},
		{
			"item": "openmodularturrets:ammo_meta",
			"data": 0
		},
		{
			"item": "thermalfoundation:material",
			"data": 832
		},
		{
			"item": "thermalfoundation:material",
			"data": 833
		},
		{
			"item": "thermalfoundation:material",
			"data": 892
		},
		{
			"item": "thermalfoundation:material",
			"data": 1024
		},
		{
			"type": "forge:ore_dict",
			"ore": "blockCoal"
		},
		{
			"type": "forge:ore_dict",
			"ore": "blockCharcoal"
		},
		{
			"type": "forge:ore_dict",
			"ore": "blockFuelCoke"
		},
		{
			"type": "forge:ore_dict",
			"ore": "fuelCoke"
		},
		{
			"type": "forge:ore_dict",
			"ore": "slimeball"
		},
		{
			"type": "ftgumod:fluid",
			"fluid": "coal"
		},
		{
			"type": "ftgumod:fluid",
			"fluid": "lava"
		},
		{
			"type": "ftgumod:fluid",
			"fluid": "milk"
		},
		{
			"type": "ftgumod:fluid",
			"fluid": "biofuel"
		},
		{
			"type": "ftgumod:fluid",
			"fluid": "if.protein"
		},
		{
			"type": "ftgumod:fluid",
			"fluid": "crude_oil"
		},
		{
			"type": "ftgumod:fluid",
			"fluid": "tree_oil"
		},
		{
			"type": "ftgumod:fluid",
			"fluid": "seed_oil"
		},
		{
			"type": "ftgumod:fluid",
			"fluid": "creosote"
		},
		{
			"type": "ftgumod:fluid",
			"fluid": "refined_oil"
		},
		{
			"type": "ftgumod:fluid",
			"fluid": "refined_fuel"
		},
		{
			"type": "ftgumod:fluid",
			"fluid": "refined_biofuel"
		},
		{
			"type": "ftgumod:fluid",
			"fluid": "pyrotheum"
		}
    ],
    "name": "fuel"
  },
  {
    "ingredient": [
		"minecraft:egg",
		"minecraft:melon",
		"minecraft:melon_block",
		"minecraft:pumpkin",
		"minecraft:bread",
		"minecraft:cookie",
		"minecraft:pumpkin_pie",
		"minecraft:rabbit_stew",
		"minecraft:rotten_flesh",
		"minecraft:spider_eye",
		"minecraft:baked_potato",
		"minecraft:beetroot_soup",
		"minecraft:red_mushroom",
		"minecraft:brown_mushroom",
		"minecraft:mushroom_stew",
		"alchemistry:mineral_salt",
		"byg:cookedflesh",
		"byg:cookedcarrot",
		"byg:cookedspidereye",
		"byg:cookedpumpkinseeds",
		"byg:pumpkinmash",
		"byg:pumpkinbread",
		"byg:blueberrypie",
		"byg:greenapplepie",
		"byg:strawberrypie",
		"byg:carrotsoup",
		"byg:spidereyesoup",
		"xlfoodmod:flesh",
		"xlfoodmod:beef_jerky",
		"xlfoodmod:vanilla_cream",
		"xlfoodmod:vanilla_extract",
		"xlfoodmod:tomato_sauce",
		"xlfoodmod:chocolate_syrup",
		"xlfoodmod:hot_sauce",
		"xlfoodmod:dough",
		"xlfoodmod:cooked_dough",
		"xlfoodmod:donut",
		"xlfoodmod:sugar_donut",
		"xlfoodmod:chocolate_donut",
		"xlfoodmod:vanilla_donut",
		"xlfoodmod:twinkie",
		"xlfoodmod:crescent_roll",
		"xlfoodmod:vanilla_cupcake",
		"xlfoodmod:strawberry_cupcake",
		"xlfoodmod:oreo_cupcake",
		"xlfoodmod:chocolate_cupcake",
		"xlfoodmod:oreo_cookie",
		"xlfoodmod:raw_chicken_wing",
		"xlfoodmod:spicy_chicken_wing",
		"xlfoodmod:top_bun",
		"xlfoodmod:bottom_bun",
		"xlfoodmod:ground_beef",
		"xlfoodmod:cheese",
		"xlfoodmod:hamburger",
		"xlfoodmod:cheeseburger",
		"xlfoodmod:chickenburger",
		"xlfoodmod:corn",
		"xlfoodmod:corn_bread",
		"xlfoodmod:pumpkin_stew",
		"xlfoodmod:rice_bread",
		"xlfoodmod:cheesy_bread",
		"xlfoodmod:potato_bread",
		"xlfoodmod:butter_rice",
		"xlfoodmod:fried_rice",
		"xlfoodmod:rice",
		"xlfoodmod:butter",
		"xlfoodmod:crouton",
		"xlfoodmod:onion_rings",
		"xlfoodmod:cheese_puff",
		"xlfoodmod:fried_egg",
		"xlfoodmod:ham",
		"xlfoodmod:icecream_sandwich",
		"xlfoodmod:strawberry_icecream_ball",
		"xlfoodmod:chocolate_icecream_ball",
		"xlfoodmod:vanilla_icecream_ball",
		"xlfoodmod:icecream_cone",
		"xlfoodmod:strawberry_icecream",
		"xlfoodmod:chocolate_icecream",
		"xlfoodmod:vanilla_icecream",
		"xlfoodmod:bourbon_biscuit",
		"xlfoodmod:chocolate",
		"xlfoodmod:caramel_apple",
		"xlfoodmod:vanilla_flower",
		{
			"item": "natura:materials",
			"data": 1
		},
		{
			"item": "natura:materials",
			"data": 2
		},
		{
			"item": "natura:soups",
			"data": 9
		},
		{
			"type": "forge:ore_dict",
			"ore": "dustSalt"
		},
		{
			"type": "forge:ore_dict",
			"ore": "glowshroom"
		},
		{
			"type": "forge:ore_dict",
			"ore": "listAllmeatraw"
		},
		{
			"type": "forge:ore_dict",
			"ore": "listAllmeatcooked"
		},
		{
			"type": "forge:ore_dict",
			"ore": "listAllvegetable"
		},
		{
			"type": "ftgumod:fluid",
			"fluid": "milk"
		}
    ],
    "name": "cooking"
  },
  {
    "ingredient": [
		"minecraft:orange_glazed_terracotta",
		"minecraft:magenta_glazed_terracotta",
		"minecraft:light_blue_glazed_terracotta",
		"minecraft:yellow_glazed_terracotta",
		"minecraft:lime_glazed_terracotta",
		"minecraft:pink_glazed_terracotta",
		"minecraft:gray_glazed_terracotta",
		"minecraft:silver_glazed_terracotta",
		"minecraft:cyan_glazed_terracotta",
		"minecraft:purple_glazed_terracotta",
		"minecraft:blue_glazed_terracotta",
		"minecraft:brown_glazed_terracotta",
		"minecraft:green_glazed_terracotta",
		"minecraft:red_glazed_terracotta",
		"minecraft:black_glazed_terracotta",
		{
			"item": "minecraft:hardened_clay",
			"data": 32767
		},
		{
			"item": "minecraft:stained_hardened_clay",
			"data": 32767
		},
		{
			"item": "chisel:hardenedclay1",
			"data": 32767
		},
		{
			"item": "chisel:hardenedclay2",
			"data": 32767
		}
    ],
    "name": "terracotta"
  },
  {
	"ingredient": [
		"minecraft:clay",
		"minecraft:clay_ball",
		"minecraft:brick",
		"minecraft:brick_block",
		"minecraft:brick_stairs",
		"minecraft:netherbrick",
		"minecraft:nether_brick",
		"minecraft:nether_brick_stairs",
		"minecraft:nether_brick_fence",
		"minecraft:red_nether_brick",
		"minecraft:flower_pot",
		"ceramics:faucet",
		"ceramics:channel",
		"ceramics:clay_soft",
		"ceramics:clay_bucket",
		"ceramics:porcelain_bricks_stairs",
		"ceramics:rainbow_bricks_stairs",
		"ceramics:golden_bricks_stairs",
		"ceramics:marine_bricks_stairs",
		"ceramics:dragon_bricks_stairs",
		"ceramics:lava_bricks_stairs",
		"ceramics:monochrome_bricks_stairs",
		{
			"item": "minecraft:stone_slab",
			"data": 4
		},
		{
			"item": "minecraft:stone_slab",
			"data": 6
		},
		{
			"item": "ceramics:unfired_clay",
			"data": 32767
		},
		{
			"item": "ceramics:clay_hard",
			"data": 32767
		},
		{
			"item": "ceramics:clay_wall",
			"data": 32767
		},
		{
			"item": "ceramics:clay_slab",
			"data": 32767
		},
		{
			"item": "ceramics:porcelain",
			"data": 32767
		},
		{
			"item": "ceramics:rainbow_clay",
			"data": 32767
		},
		{
			"item": "ceramics:clay_barrel_unfired",
			"data": 32767
		},
		{
			"item": "ceramics:clay_barrel",
			"data": 32767
		},
		{
			"item": "ceramics:porcelain_barrel",
			"data": 32767
		},
		{
			"item": "ceramics:porcelain_barrel_extension",
			"data": 32767
		},
		{
			"item": "chisel:bricks",
			"data": 32767
		},
		{
			"item": "chisel:bricks1",
			"data": 32767
		},
		{
			"item": "chisel:bricks2",
			"data": 32767
		}
	],
	"name": "brick"
  },
  {
    "ingredient": [
		"minecraft:observer",
		"minecraft:piston",
		"minecraft:sticky_piston",
		"compactmachines3:psd",
		"compactmachines3:fieldprojector",
		"contenttweaker:melon_circuit",
		"contenttweaker:pulsaton_sliver",
		"cyberware:surgery",
		"cyberware:surgery_chamber",
		"cyberware:engineering_table",
		"cyberware:blueprint_archive",
		"cyberware:component_box",
		"cyberware:scanner",
		"cyberware:charger",
		"cyberware:beacon",
		"cyberware:beacon_large",
		"cyberware:radio_post",
		"cyberware:cyberheart",
		"cyberware:dense_battery",
		{
			"item": "cyberware:blueprint",
			"data": 32767
		},
		{
			"item": "cyberware:component",
			"data": 32767
		},
		{
			"item": "cyberware:cybereyes",
			"data": 32767
		},
		{
			"item": "cyberware:cybereye_upgrades",
			"data": 32767
		},
		{
			"item": "cyberware:eye_upgrades",
			"data": 32767
		},
		{
			"item": "cyberware:brain_upgrades",
			"data": 32767
		},
		{
			"item": "cyberware:lungs_upgrades",
			"data": 32767
		},
		{
			"item": "cyberware:heart_upgrades",
			"data": 32767
		},
		{
			"item": "cyberware:lower_organs_upgrades",
			"data": 32767
		},
		{
			"item": "cyberware:skin_upgrades",
			"data": 32767
		},
		{
			"item": "cyberware:muscle_upgrades",
			"data": 32767
		},
		{
			"item": "cyberware:bone_upgrades",
			"data": 32767
		},
		{
			"item": "cyberware:hand_upgrades",
			"data": 32767
		},
		{
			"item": "cyberware:leg_upgrades",
			"data": 32767
		},
		{
			"item": "cyberware:foot_upgrades",
			"data": 32767
		},
		{
			"item": "cyberware:cyberlimbs",
			"data": 32767
		},
		{
			"item": "rewired:cranium",
			"data": 32767
		},
		{
			"item": "rewired:torso",
			"data": 32767
		},
		{
			"item": "rewired:hand",
			"data": 32767
		},
		{
			"item": "rewired:foot",
			"data": 32767
		},
		{
			"item": "rewired:skin",
			"data": 32767
		},
		{
			"item": "chisel:chisel_hitech",
			"data": 32767
		},
		"extrautils2:klein",
		{
			"item": "extrautils2:ingredients",
			"data": 0
		},
		{
			"item": "extrautils2:ingredients",
			"data": 2
		},
		{
			"item": "extrautils2:ingredients",
			"data": 6
		},
		{
			"item": "extrautils2:ingredients",
			"data": 7
		},
		{
			"item": "extrautils2:ingredients",
			"data": 8
		},
		{
			"item": "extrautils2:ingredients",
			"data": 9
		},
		{
			"item": "extrautils2:ingredients",
			"data": 13
		},
		{
			"item": "extrautils2:ingredients",
			"data": 15
		},
		{
			"item": "extrautils2:ingredients",
			"data": 16
		},
		{
			"item": "extrautils2:passivegenerator",
			"data": 32767
		},
		{
			"item": "extrautils2:machine",
			"data": 32767
		},
		"playerplates:mossy_plate",
		"playerplates:invisible_mossy_plate",
		"playerplates:obsidian_plate",
		"playerplates:invisible_obsidian_plate",
		{
			"item": "projectred-exploration:athame",
			"data": 32767
		},
		{
			"item": "projectred-core:multimeter",
			"data": 32767
		},
		{
			"item": "projectred-core:screwdriver",
			"data": 32767
		},
		{
			"item": "projectred-core:resource_item",
			"data": 410
		},
		"rftools:scanner",
		"rftools:remote_scanner",
		"rftools:storage_scanner",
		"scannable:module_blank",
		"scannable:module_range",
		"scannable:module_animal",
		"scannable:module_monster",
		"scannable:module_ore_common",
		"scannable:module_ore_rare",
		"scannable:module_block",
		"scannable:module_structure",
		"scannable:module_fluid",
		"scannable:module_entity",
		{
			"item": "scannable:scanner",
			"data": 32767
		},
		"thermalfoundation:meter",
		"thermalfoundation:wrench",
		"thermalfoundation:security",
		{
			"item": "thermalexpansion:frame",
			"data": 0
		},
		{
			"item": "thermalexpansion:frame",
			"data": 64
		},
		{
			"item": "thermalexpansion:frame",
			"data": 128
		},
		{
			"item": "thermalexpansion:augment",
			"data": 32767
		},
		{
			"item": "thermalfoundation:upgrade",
			"data": 32767
		},
		{
			"type": "forge:ore_dict",
			"ore": "circuitBasic"
		},
		{
			"type": "forge:ore_dict",
			"ore": "circuitAdvanced"
		},
		{
			"type": "forge:ore_dict",
			"ore": "circuitElite"
		},
		{
			"type": "forge:ore_dict",
			"ore": "gears"
		},
		{
			"type": "forge:ore_dict",
			"ore": "plates"
		}
    ],
    "name": "tech"
  },
  {
    "ingredient": [
		"appliedenergistics2:view_cell",
		"furnaceoverhaul:blank_upgrade",
		"furnaceoverhaul:efficiency_upgrade",
		"furnaceoverhaul:liquid_fuel_upgrade",
		"furnaceoverhaul:speed_upgrade",
		"furnaceoverhaul:blank_kit",
		"furnaceoverhaul:iron_kit",
		"furnaceoverhaul:gold_kit",
		"furnaceoverhaul:diamond_kit",
		"furnaceoverhaul:emerald_kit",
		"furnaceoverhaul:end_kit",
		"improvedbackpacks:blank_upgrade",
		"ironchest:copper_iron_chest_upgrade",
		"ironchest:wood_copper_chest_upgrade",
		"ironchest:wood_iron_chest_upgrade",
		"scannable:module_blank",
		"scannable:module_range",
		"scannable:module_animal",
		"scannable:module_monster",
		"scannable:module_ore_common",
		"scannable:module_ore_rare",
		"scannable:module_block",
		"scannable:module_structure",
		"scannable:module_fluid",
		"scannable:module_entity",
		"solarflux:blank_upgrade",
		"solarflux:efficiency_upgrade",
		"solarflux:transfer_rate_upgrade",
		"solarflux:capacity_upgrade",
		"solarflux:traversal_upgrade",
		"solarflux:dispersive_upgrade",
		"solarflux:block_charging_upgrade",
		"solarflux:furnace_upgrade",
		"storagedrawers:upgrade_template",
		"teslacorelib:base_addon",
		"teslacorelib:energy_tier1",
		"teslacorelib:energy_tier2",
		"teslacorelib:speed_tier1",
		"teslacorelib:speed_tier2",
		"xnet:connector_upgrade",
		{
			"item": "appliedenergistics2:material",
			"data": 25
		},
		{
			"item": "appliedenergistics2:material",
			"data": 26
		},
		{
			"item": "appliedenergistics2:material",
			"data": 27
		},
		{
			"item": "appliedenergistics2:material",
			"data": 28
		},
		{
			"item": "appliedenergistics2:material",
			"data": 29
		},
		{
			"item": "appliedenergistics2:material",
			"data": 30
		},
		{
			"item": "appliedenergistics2:material",
			"data": 31
		},
		{
			"item": "appliedenergistics2:material",
			"data": 53
		},
		{
			"item": "appliedenergistics2:material",
			"data": 58
		},
		{
			"item": "appliedenergistics2:material",
			"data": 59
		},
		{
			"item": "appliedenergistics2:material",
			"data": 61
		},
		{
			"item": "extrautils2:ingredients",
			"data": 6
		},
		{
			"item": "extrautils2:ingredients",
			"data": 7
		},
		{
			"item": "extrautils2:ingredients",
			"data": 8
		},
		{
			"item": "extrautils2:ingredients",
			"data": 9
		},
		{
			"item": "extrautils2:ingredients",
			"data": 15
		},
		{
			"item": "extrautils2:ingredients",
			"data": 16
		},
		{
			"item": "multistorage:stone_storage",
			"data": 0
		},
		{
			"item": "openmodularturrets:addon_meta",
			"data": 32767
		},
		{
			"item": "openmodularturrets:upgrade_meta",
			"data": 32767
		},
		{
			"item": "industrialforegoing:conveyor_upgrade",
			"data": 32767
		},
		{
			"item": "improvedbackpacks:upgrade",
			"data": 0
		},
		{
			"item": "improvedbackpacks:upgrade",
			"data": 1
		},
		{
			"item": "storagedrawers:upgrade_storage",
			"data": 32767
		},
		{
			"item": "storagedrawers:upgrade_conversion",
			"data": 32767
		},
		{
			"item": "storagedrawers:upgrade_redstone",
			"data": 32767
		},
		{
			"item": "thermalexpansion:augment",
			"data": 32767
		},
		{
			"item": "thermalfoundation:upgrade",
			"data": 32767
		}
    ],
    "name": "upgrade"
  },
  {
    "ingredient": [
		{
			"item": "ceramics:unfired_clay",
			"data": 8
		},
		{
			"item": "ceramics:unfired_clay",
			"data": 9
		},
		{
			"item": "dse:armorplate",
			"data": 32767
		},
		{
			"type": "forge:ore_dict",
			"ore": "plates"
		}
    ],
    "name": "plate"
  },
  {
    "ingredient": [
		{
			"item": "thermalexpansion:machine",
			"data": 5
		},
		{
			"item": "thermalexpansion:augment",
			"data": 337
		},
		{
			"type": "forge:ore_dict",
			"ore": "gears"
		}
    ],
    "name": "gear"
  }
]