{
  "display": {
    "icon": {
      "item": "ceramics:unfired_clay",
	  "data": 9
    },
    "title": {
      "text": "Ceramics"
    },
    "description": {
      "text": "A good starting point would be to determine how to work with clay."
    },
    "x": 2,
    "y": 0
  },
	"parent": "cyborg:technology/technology",
	"idea": {
		"amount": 2,
		"ingredients": [
			"#fuel",
			"#quartz",
			"#terracotta",
			"minecraft:bone",
			"minecraft:bone_block",
			"minecraft:clay",
			"minecraft:clay_ball",
			"contenttweaker:wrapped_bone",			
			{
				"item": "alchemistry:element",
				"data": 3
			},
			{
				"item": "alchemistry:element",
				"data": 11
			},
			{
				"item": "alchemistry:element",
				"data": 12
			},
			{
				"item": "alchemistry:element",
				"data": 13
			},
			{
				"item": "alchemistry:element",
				"data": 14
			},
			{
				"item": "alchemistry:element",
				"data": 19
			},
			{
				"item": "alchemistry:element",
				"data": 20
			},
			{
				"item": "alchemistry:compound",
				"data": 8
			},
			{
				"item": "cyberware:body_part",
				"data": 7
			},
			{
				"type": "forge:ore_dict",
				"ore": "dyeWhite"
			},
			{
				"type": "forge:ore_dict",
				"ore": "sand"
			}
		]
	},
	"research": {
		"type": "ftgumod:match",
		"pattern": [
			"PP ",
			"PP ",
			"   "
		],
		"key": {
			"P": {
				"item": [
					"#terracotta",
					"minecraft:bone",
					"minecraft:bone_block",
					"minecraft:brick",
					"minecraft:brick_block",
					"minecraft:clay",
					"minecraft:clay_ball",
					{
						"type": "forge:ore_dict",
						"ore": "dyeWhite"
					},
					{
						"type": "forge:ore_dict",
						"ore": "gemQuartz"
					},
					{
						"type": "forge:ore_dict",
						"ore": "sand"
					}
				],
				"hint": {
					"text": "Porcelain Materials"
				},
				"decipher": {
					"decipher": {
						"block": "minecraft:clay",
						"data": 32767
					},
					"hint": "A good starting point to make porcelain from."
				}
			}
		}
	},
	"unlock": [
		{
            "type": "gamestages:stage",
            "stage": "ceramics",
            "message": "Updating recipe archives.... update complete."
        }
	]
  }
