{
  "display": {
    "icon": {
      "item": "appliedenergistics2:crafting_accelerator"
    },
    "title": {
      "text": "Compression Crafting"
    },
    "description": {
      "text": "I could utilize the advanced compression of an ME system to facilitate faster autocrafting"
    },
    "x": 4,
    "y": 2
  },
	"parent": "cyborg:technology/storage_compression",
	"idea": {
		"amount": 3,
		"ingredients": [
			"#iron",
			"#tech",
			"#quartz",
			"#redstone",
			"#electrotine",
			"extrautils2:crafter",
			"extrautils2:analogcrafter",
			"rftools:crafter1",
			"rftools:crafter2",
			"rftools:crafter3",
			"appliedenergistics2:quartz_glass",
			"appliedenergistics2:quartz_vibrant_glass",
			"contenttweaker:pulsaton_sliver",
			"glacidus:glacidite_fragment",
			"glacidus:residuum",
			{
				"item": "appliedenergistics2:material",
				"data": 22
			},
			{
				"item": "appliedenergistics2:material",
				"data": 23
			},
			{
				"item": "appliedenergistics2:material",
				"data": 24
			},
			{
				"item": "appliedenergistics2:material",
				"data": 30
			},
			{
				"item": "appliedenergistics2:material",
				"data": 35
			},
			{
				"item": "appliedenergistics2:material",
				"data": 36
			},
			{
				"item": "appliedenergistics2:material",
				"data": 37
			},
			{
				"item": "appliedenergistics2:material",
				"data": 38
			},
			{
				"item": "appliedenergistics2:material",
				"data": 43
			},
			{
				"item": "appliedenergistics2:material",
				"data": 44
			},
			{
				"item": "appliedenergistics2:material",
				"data": 53
			},
			{
				"item": "appliedenergistics2:part",
				"data": 16
			},
			{
				"item": "appliedenergistics2:part",
				"data": 56
			},
			{
				"item": "appliedenergistics2:part",
				"data": 76
			},
			{
				"item": "appliedenergistics2:part",
				"data": 360
			},
			{
				"item": "appliedenergistics2:part",
				"data": 400
			},
			{
				"item": "appliedenergistics2:part",
				"data": 440
			},
			{
				"item": "appliedenergistics2:part",
				"data": 480
			},
			{
				"item": "artisanworktables:worktable",
				"data": 5
			},
			{
				"item": "artisanworktables:workstation",
				"data": 5
			},
			{
				"item": "artisanworktables:worktable",
				"data": 6
			},
			{
				"item": "artisanworktables:workstation",
				"data": 6
			},
			{
				"item": "artisanworktables:worktable",
				"data": 9
			},
			{
				"item": "artisanworktables:workstation",
				"data": 9
			},
			{
				"type": "forge:ore_dict",
				"ore": "workbench"
			}
		]
	},
	"research": {
		"type": "ftgumod:match",
		"pattern": [
			"IGI",
			"CWC",
			"IGI"
		],
		"key": {
			"I": {
				"item": [
					{
						"type": "forge:ore_dict",
						"ore": "oreIron"
					},
					{
						"type": "forge:ore_dict",
						"ore": "blockIron"
					},
					{
						"type": "forge:ore_dict",
						"ore": "ingotIron"
					},
					{
						"type": "forge:ore_dict",
						"ore": "nuggetIron"
					},
					{
						"type": "forge:ore_dict",
						"ore": "blockSteel"
					},
					{
						"type": "forge:ore_dict",
						"ore": "ingotSteel"
					},
					{
						"type": "forge:ore_dict",
						"ore": "nuggetSteel"
					}
				],
				"hint": {
					"text": "Crafting Container Shell"
				},
				"decipher": {
					"decipher": {
						"block": "minecraft:iron_block",
						"data": 32767
					},
					"hint": "Iron is always a good starting point for any sort of automation"
				}
			},
			"G": {
				"item": [
					"minecraft:glass_bottle",
					"rewired:ecglass",
					"appliedenergistics2:quartz_glass",
					"appliedenergistics2:quartz_vibrant_glass",
					{
						"item": "extrautils2:decorativesolid",
						"data": 4
					},
					{
						"item": "extrautils2:decorativeglass",
						"data": 0
					},
					{
						"item": "extrautils2:decorativeglass",
						"data": 1
					},
					{
						"item": "extrautils2:decorativeglass",
						"data": 2
					},
					{
						"item": "extrautils2:decorativeglass",
						"data": 3
					},
					{
						"item": "extrautils2:decorativeglass",
						"data": 4
					},
					{
						"item": "extrautils2:decorativeglass",
						"data": 5
					},
					{
						"item": "extrautils2:ineffableglass",
						"data": 0
					},
					{
						"item": "extrautils2:ineffableglass",
						"data": 1
					},
					{
						"item": "extrautils2:ineffableglass",
						"data": 2
					},
					{
						"item": "extrautils2:ineffableglass",
						"data": 3
					},
					{
						"type": "forge:ore_dict",
						"ore": "blockGlassHardened"
					},
					{
						"type": "forge:ore_dict",
						"ore": "blockGlass"
					},
					{
						"type": "forge:ore_dict",
						"ore": "paneGlass"
					},
					{
						"type": "forge:ore_dict",
						"ore": "glass"
					}
				],
				"hint": {
					"text": "Viewport"
				},
				"decipher": {
					"decipher": {
						"block": "minecraft:glass",
						"data": 32767
					},
					"hint": "Might as well watch the crafter work, right?"
				}
			},
			"C": {
				"item": [
					"dse:shadercore",
					{
						"item": "appliedenergistics2:material",
						"data": 43
					},
					{
						"item": "appliedenergistics2:material",
						"data": 44
					},
					{
						"item": "extrautils2:opinium",
						"data": 32767
					}
				],
				"hint": {
					"text": "Material Management Core"
				},
				"decipher": {
					"decipher": {
						"item": "extrautils2:opinium",
						"data": 32767
					},
					"hint": "Would work, but I'd better stick to the lower-tier ones to save on resources..."
				}
			},
			"W": {
				"item": [
					"extrautils2:crafter",
					"extrautils2:analogcrafter",
					"rftools:crafter1",
					"rftools:crafter2",
					"rftools:crafter3",
					{
						"item": "appliedenergistics2:material",
						"data": 53
					},
					{
						"item": "appliedenergistics2:part",
						"data": 360
					},
					{
						"item": "appliedenergistics2:part",
						"data": 400
					},
					{
						"item": "artisanworktables:worktable",
						"data": 5
					},
					{
						"item": "artisanworktables:workstation",
						"data": 5
					},
					{
						"item": "artisanworktables:worktable",
						"data": 6
					},
					{
						"item": "artisanworktables:workstation",
						"data": 6
					},
					{
						"item": "artisanworktables:worktable",
						"data": 9
					},
					{
						"item": "artisanworktables:workstation",
						"data": 9
					},
					{
						"type": "forge:ore_dict",
						"ore": "workbench"
					}
				],
				"hint": {
					"text": "Workbench"
				},
				"decipher": {
					"decipher": {
						"block": "minecraft:crafting_table",
						"data": 32767
					},
					"hint": "Yup, that's a workbench. You can craft stuff & everything."
				}
			}
		}
	},
	"unlock": [
			"appliedenergistics2:molecular_assembler",
			"appliedenergistics2:crafting_unit",
			"appliedenergistics2:crafting_accelerator",
			"appliedenergistics2:crafting_storage_1k",
			"appliedenergistics2:crafting_storage_4k",
			"appliedenergistics2:crafting_storage_16k",
			"appliedenergistics2:crafting_storage_64k",
			"appliedenergistics2:crafting_monitor"
		]
}