{
  "display": {
    "icon": {
      "item": "pristeel:pristeel_ingot"
    },
    "title": {
      "text": "A Pristine Alloy"
    },
    "description": {
      "text": "I'm sure I could alloy Iron in a multitiude of ways. Steel is the most logical step, but for now I must settle for a psuedo-steel alloy."
    },
    "x": 4,
    "y": 0
  },
	"parent": "cyborg:technology/ceramics",
	"idea": {
		"amount": 2,
		"ingredients": [
			"#iron",
			"#steel",
			"#prismarine",
			{
				"item": "artisanworktables:worktable",
				"data": 3
			},
			{
				"item": "artisanworktables:workstation",
				"data": 3
			},
			{
				"type": "forge:ore_dict",
				"ore": "artisansHammer"
			},
			{
				"type": "forge:ore_dict",
				"ore": "artisansCutters"
			}
		]
	},	
	"research": {
		"type": "ftgumod:match",
		"pattern": [
			"PP ",
			"PP ",
			"   "
		],
		"key": {
			"P": {
				"item": [
					"#iron",
					"#steel",
					"#prismarine"
				],
				"hint": {
					"text": "Pristine Alloy Components"
				},
				"decipher": {
					"decipher": {
						"block": "minecraft:iron_block",
						"data": 32767
					},
					"hint": "Iron would make for a good alloy base."
				}
			}
		}
	},
	"unlock": [
		{
            "type": "ftgumod:mod",
            "modid": "pristeel",
            "message": "Updating recipe archives.... update complete."
        }
	]
  }