{
  "display": {
    "icon": {
      "item": "appliedenergistics2:controller"
    },
    "title": {
      "text": "Storage Compression"
    },
    "description": {
      "text": "Having more storage is always good. I could probably compress things fairly well, if I had the correct technology."
    },
    "x": 2,
    "y": 2
  },
	"parent": "cyborg:technology/thermal_technology",
	"idea": {
		"amount": 3,
		"ingredients": [
			"#tech",
			"#iron",
			"#gold",
			"#quartz",
			"#redstone",
			"#diamond",
			"#electrotine",
			"#plate",
			"#gear",
			"minecraft:glowstone",
			"minecraft:glowstone_dust",
			"contenttweaker:pulsaton_sliver",
			"glacidus:glacidite_fragment",
			"glacidus:residuum",
			{
				"type": "forge:ore_dict",
				"ore": "slimeball"
			},
			{
				"type": "forge:ore_dict",
				"ore": "itemSilicon"
			},
			{
				"type": "forge:ore_dict",
				"ore": "blockGlass"
			},
			{
				"type": "forge:ore_dict",
				"ore": "artisansBeaker"
			},
			{
				"type": "forge:ore_dict",
				"ore": "artisansBurner"
			},
			{
				"type": "forge:ore_dict",
				"ore": "artisansSolderer"
			},
			{
				"type": "forge:ore_dict",
				"ore": "artisansSpanner"
			},
			{
				"type": "forge:ore_dict",
				"ore": "artisansPliers"
			},
			{
				"type": "ftgumod:fluid",
				"fluid": "ender"
			}
		]
	},
	"research": {
		"type": "ftgumod:match",
		"pattern": [
			"LEL",
			"EME",
			"DDD"
		],
		"key": {
			"L": {
				"item": [
					"appliedenergistics2:quartz_glass",
					"appliedenergistics2:quartz_vibrant_glass",
					{
						"item": "ceramics:unfired_clay",
						"data": 9
					},
					{
						"item": "extrautils2:decorativeglass",
						"data": 0
					},
					{
						"item": "extrautils2:decorativeglass",
						"data": 1
					},
					{
						"item": "extrautils2:decorativeglass",
						"data": 2
					},
					{
						"item": "extrautils2:decorativeglass",
						"data": 3
					},
					{
						"item": "extrautils2:decorativeglass",
						"data": 4
					},
					{
						"item": "extrautils2:decorativeglass",
						"data": 5
					},
					{
						"item": "natura:nether_glass",
						"data": 0
					},
					{
						"item": "natura:nether_glass",
						"data": 1
					},
					{
						"type": "forge:ore_dict",
						"ore": "blockGlass"
					},
					{
						"type": "forge:ore_dict",
						"ore": "paneGlass"
					},
					{
						"type": "forge:ore_dict",
						"ore": "sand"
					}
				],
				"hint": {
					"text": "Lightweight Disk Covering"
				},
				"decipher": {
					"decipher": {
						"block": "minecraft:glass",
						"data": 32767
					},
					"hint": "Should be lightweight, but also sturdy enough."
				}
			},
			"E": {
				"item": [
					"#gold",
					"#quartz",
					"#redstone",
					"#electrotine",
					"contenttweaker:pulsaton_sliver",
					{
						"type": "forge:ore_dict",
						"ore": "itemSilicon"
					}
				],
				"hint": {
					"text": "Electrical Wiring"
				},
				"decipher": {
					"decipher": {
						"block": "minecraft:redstone_block",
						"data": 32767
					},
					"hint": "Should be reactive enough to contain the data."
				}
			},
			"M": {
				"item": [
					"#electrotine",
					"contenttweaker:melon_circuit",
					{
						"item": "cyberware:component",
						"data": 3
					},
					{
						"type": "forge:ore_dict",
						"ore": "circuitBasic"
					},
					{
						"type": "forge:ore_dict",
						"ore": "circuitAdvanced"
					},
					{
						"type": "forge:ore_dict",
						"ore": "circuitElite"
					},
					{
						"type": "forge:ore_dict",
						"ore": "itemSilicon"
					}
				],
				"hint": {
					"text": "Material-to-Energy Circuitry"
				}
			},
			"D": {
				"item": [
					"#iron",
					"#steel",
					"#bronze",
					"#quartz",
					{
						"item": "appliedenergistics2:material",
						"data": 2
					},
					{
						"item": "appliedenergistics2:material",
						"data": 10
					},
					{
						"item": "appliedenergistics2:material",
						"data": 11
					}
				],
				"hint": {
					"text": "Disk Support"
				},
				"decipher": {
					"decipher": {
						"block": "minecraft:quartz_block",
						"data": 32767
					},
					"hint": "Should be able to support the delicate circuitry."
				}
			}
		}
	},
	"unlock": [
			{
				"type": "gamestages:stage",
				"stage": "storage_compression",
				"message": "Updating recipe archives.... update complete."
			}
	   ]
}