{
  "display": {
    "icon": {
      "item": "minecraft:comparator"
    },
    "title": {
      "text": "Technology"
    },
    "description": {
      "text": "Delving into more advanced technologies is sure to be beneficial. I don't have much left over in my data banks. I should start by analyzing the basic ones I can already create."
    },
    "x": 0,
    "y": 0
  },
  "idea": {
    "amount": 3,
    "ingredients": [
		"#tech",
		"#iron",
		"#diamond",
		"#electrotine",
		"#redstone",
		{
			"item": "artisanworktables:worktable",
			"data": 6
		},
		{
			"item": "artisanworktables:workstation",
			"data": 6
		},
		{
			"item": "artisanworktables:workshop",
			"data": 6
		},
		{
			"type": "forge:ore_dict",
			"ore": "door"
		},
		{
			"type": "forge:ore_dict",
			"ore": "trapdoor"
		},
		{
			"type": "forge:ore_dict",
			"ore": "fenceGateWood"
		},
		{
			"type": "forge:ore_dict",
			"ore": "oreCopper"
		},
		{
			"type": "forge:ore_dict",
			"ore": "blockCopper"
		},
		{
			"type": "forge:ore_dict",
			"ore": "ingotCopper"
		},
		{
			"type": "forge:ore_dict",
			"ore": "nuggetCopper"
		},
		{
			"type": "forge:ore_dict",
			"ore": "oreTin"
		},
		{
			"type": "forge:ore_dict",
			"ore": "blockTin"
		},
		{
			"type": "forge:ore_dict",
			"ore": "ingotTin"
		},
		{
			"type": "forge:ore_dict",
			"ore": "nuggetTin"
		},
		{
			"type": "forge:ore_dict",
			"ore": "oreXP"
		}
    ]
  },
  "unlock": [
		"faufil:faucet",
		"faufil:hopperpipe",
		"faufil:hopperfilter",
		"minecraft:sticky_piston",
		"minecraft:hopper",
		"minecraft:piston",
		"minecraft:dispenser",
		"minecraft:dropper",
		"minecraft:observer",
		"minecraft:redstone_lamp",
		"minecraft:comparator",
		"minecraft:repeater",
		"minecraft:daylight_detector",
		"minecraft:light_weighted_pressure_plate",
		"minecraft:heavy_weighted_pressure_plate"
  ]
}