{
  "display": {
    "icon": {
      "item": "redstonearsenal:tool.pickaxe_flux"
    },
    "title": {
      "text": "Technological Tools"
    },
    "description": {
      "text": "Being able to power my tools should allow me to free up resources for more useful things"
    },
    "x": 0,
    "y": 4
  },
  "parent": "cyborg:technology/thermal_technology",
  "idea": {
    "amount": 2,
    "ingredients": [
		"#gear",
		"#plate",
		{
			"item": "projectred-core:resource_item",
			"data": 104
		},
		{
			"item": "projectred-core:resource_item",
			"data": 342
		},
		{
			"type": "forge:ore_dict",
			"ore": "blockRedstone"
		},
		{
			"type": "forge:ore_dict",
			"ore": "dustRedstone"
		},
		{
			"type": "forge:ore_dict",
			"ore": "blockElectrotine"
		},
		{
			"type": "forge:ore_dict",
			"ore": "dustElectrotine"
		}
    ]
  },
  	"research": {
		"type": "ftgumod:match",
		"pattern": [
			"PPP",
			" S ",
			" S "
		],
		"key": {
			"P": {
				"item": [
					{
						"type": "forge:ore_dict",
						"ore": "blockSignalum"
					},
					{
						"type": "forge:ore_dict",
						"ore": "ingotSignalum"
					},
					{
						"type": "forge:ore_dict",
						"ore": "nuggetSignalum"
					},
					{
						"type": "forge:ore_dict",
						"ore": "blockEnderium"
					},
					{
						"type": "forge:ore_dict",
						"ore": "ingotEnderium"
					},
					{
						"type": "forge:ore_dict",
						"ore": "nuggetEnderium"
					},
					{
						"type": "forge:ore_dict",
						"ore": "blockLumium"
					},
					{
						"type": "forge:ore_dict",
						"ore": "ingotLumium"
					},
					{
						"type": "forge:ore_dict",
						"ore": "nuggetLumium"
					},
					{
						"type": "forge:ore_dict",
						"ore": "blockMithril"
					},
					{
						"type": "forge:ore_dict",
						"ore": "ingotMithril"
					},
					{
						"type": "forge:ore_dict",
						"ore": "nuggetMithril"
					},
					{
						"type": "forge:ore_dict",
						"ore": "blockElectrumFlux"
					},
					{
						"type": "forge:ore_dict",
						"ore": "ingotElectrumFlux"
					},
					{
						"type": "forge:ore_dict",
						"ore": "nuggetElectrumFlux"
					},
					{
						"type": "forge:ore_dict",
						"ore": "blockCrystalFlux"
					},
					{
						"type": "forge:ore_dict",
						"ore": "gemCrystalFlux"
					},
					{
						"type": "forge:ore_dict",
						"ore": "blockKasai"
					},
					{
						"type": "forge:ore_dict",
						"ore": "ingotKasai"
					},
					{
						"type": "forge:ore_dict",
						"ore": "blockVulcanite"
					},
					{
						"type": "forge:ore_dict",
						"ore": "ingotVulcanite"
					}
				],
				"hint": {
					"text": "Pickaxe Head"
				}
			},
			"S": {
				"item": [
					"minecraft:end_rod",
					"minecraft:blaze_rod",
					{
						"type": "forge:ore_dict",
						"ore": "rodStone"
					},
					{
						"type": "forge:ore_dict",
						"ore": "obsidianRod"
					},
					{
						"item": "thermalfoundation:material",
						"data": 2048
					},
					{
						"item": "thermalfoundation:material",
						"data": 2050
					},
					{
						"item": "thermalfoundation:material",
						"data": 2052
					},
					{
						"item": "redstonearsenal:material",
						"data": 192
					},
					{
						"item": "redstonearsenal:material",
						"data": 193
					}
				],
				"hint": {
					"text": "Sturdy Handle"
				}
			}
		},
  "unlock": [
	{
        "type": "gamestages:stage",
        "stage": "technological_tools",
        "message": "Updating recipe archives....update complete."
	}
   ]
  }
}