{
  "display": {
    "icon": {
      "item": "ceramics:unfired_clay",
	  "data": 9
    },
    "title": {
      "text": "Ceramics"
    },
    "description": {
      "text": "A good starting point would be to determine how to work with clay."
    },
    "x": 2,
    "y": 0
  },
	"parent": "cyborg:technology/technology",
	"idea": {
		"amount": 2,
		"ingredients": [
			"#fuel",
			"#terracotta",
			"minecraft:clay",
			"minecraft:clay_ball",
			{
				"type": "forge:ore_dict",
				"ore": "dyeWhite"
			},
			{
				"type": "forge:ore_dict",
				"ore": "gemQuartz"
			}
		]
	},
	"research": {
		"type": "ftgumod:match",
		"pattern": [
			"CC ",
			"CC ",
			"   "
		],
		"key": {
			"C": {
				"item": [
					"#terracotta",
					"minecraft:quartz",
					"minecraft:clay",
					"minecraft:clay_ball",
					"minecraft:brick",
					"minecraft:brick_block",
					{
						"type": "forge:ore_dict",
						"ore": "dyeWhite"
					}
				],
				"hint": {
					"text": "Porcelain Materials"
				},
				"decipher": {
					"decipher": {
						"block": "minecraft:clay",
						"data": 0
					},
					"hint": "A good starting point to make porcelain from."
				}
			}
		}
	},
	"unlock": [
		{
            "type": "gamestages:stage",
            "stage": "ceramics",
            "message": "Updating recipe archives....update complete."
        }
	]
  }
