{
  "display": {
    "icon": {
			"item": "cyberware:hand_upgrades",
			"data": 2
		},
    "title": {
      "text": "Cybernetic Excavation"
    },
    "description": {
      "text": "Using my cybernetic enhancments, I could mine a sizeable area."
    },
    "x": 0,
    "y": -2
  },
	"parent": "cyborg:technology/technology",
	"idea": {
		"amount": 1,
		"ingredients": [
			{
				"item": "cyberware:muscle_upgrades",
				"data": 1,
				"nbt": {cyberwareQuality:"cyberware.quality.scavenged"}
			},
			{
				"item": "cyberware:muscle_upgrades",
				"data": 1
			},
			{
				"item": "cyberware:hand_upgrades",
				"data": 2,
				"nbt": {cyberwareQuality:"cyberware.quality.scavenged"}
			},
			{
				"item": "cyberware:hand_upgrades",
				"data": 2
			},
			{
				"item": "rewired:hand",
				"data": 0,
				"nbt": {cyberwareQuality:"cyberware.quality.scavenged"}
			},
			{
				"item": "rewired:hand",
				"data": 0
			},
			{
				"item": "cyberware:cyberlimbs",
				"data": 0,
				"nbt": {cyberwareQuality:"cyberware.quality.scavenged"}
			},
			{
				"item": "cyberware:cyberlimbs",
				"data": 0
			},
			{
				"item": "cyberware:cyberlimbs",
				"data": 1,
				"nbt": {cyberwareQuality:"cyberware.quality.scavenged"}
			},
			{
				"item": "cyberware:cyberlimbs",
				"data": 1
			}
		]
	},
	"unlock": [
		{
            "type": "gamestages:stage",
            "stage": "mining",
            "message": "Updating ability archives....update complete."
        }
	]
  }
