{
	"display": {
		"icon": {
			"item": "bountiful:bountyboarditem"
		},
		"title": {
			"text": "Bounties"
		},
		"description": {
			"text": "The locals on the various planets I've visited look like they could use some help. Perhaps I could let them give me requests?"
		},
		"x": 0,
		"y": 4
	},
	"parent": "cyborg:survival/survival",
	"idea": {
		"amount": 3,
		"ingredients": [
			"jjcoin:copper_coin",
			"jjcoin:silver_coin",
			"jjcoin:gold_coin",
			"jjcoin:diamond_coin",
			{
				"type": "forge:ore_dict",
				"ore": "logWood"
			},
			{
				"type": "forge:ore_dict",
				"ore": "plankWood"
			},
			{
				"type": "forge:ore_dict",
				"ore": "chestWood"
			},
			{
				"type": "forge:ore_dict",
				"ore": "artisansHammer"
			},
			{
				"type": "forge:ore_dict",
				"ore": "artisansChisel"
			}
		]
	},
	"unlock": [
		"bountiful:bountyboarditem"
	]
}