{
  "type": "item",
  "content": "comfortable_nether:dustsprout",
  "amountRange": {
    "min": 1,
    "max": 4
  },
  "unitWorth": 50,
  "weight": 100
},
{
  "type": "item",
  "content": "comfortable_nether:pummeler_remnant",
  "amountRange": {
    "min": 1,
    "max": 4
  },
  "unitWorth": 100,
  "weight": 100
},
{
  "type": "item",
  "content": "comfortable_nether:popped_pummeler_remnant",
  "amountRange": {
    "min": 1,
    "max": 4
  },
  "unitWorth": 215,
  "weight": 100
},
{
  "type": "item",
  "content": "comfortable_nether:docile_soul",
  "amountRange": {
    "min": 2,
    "max": 6
  },
  "unitWorth": 250,
  "weight": 100
},
{
  "type": "item",
  "content": "comfortable_nether:insatiable_blubber",
  "amountRange": {
    "min": 1,
    "max": 2
  },
  "unitWorth": 500,
  "weight": 100
},
{
  "type": "item",
  "content": "comfortable_nether:weeping_abscess",
  "amountRange": {
    "min": 2,
    "max": 6
  },
  "unitWorth": 150,
  "weight": 100
},
{
  "type": "item",
  "content": "comfortable_nether:abscess_danish",
  "amountRange": {
    "min": 3,
    "max": 9
  },
  "unitWorth": 175,
  "weight": 100
},
{
  "type": "item",
  "content": "comfortable_nether:baleen_filter",
  "amountRange": {
    "min": 2,
    "max": 3
  },
  "unitWorth": 225,
  "weight": 100
},
{
  "type": "item",
  "content": "comfortable_nether:stuffed_filter",
  "amountRange": {
    "min": 2,
    "max": 3
  },
  "unitWorth": 300,
  "weight": 100
},
{
  "type": "item",
  "content": "comfortable_nether:heartof_the_nether",
  "amountRange": {
    "min": 2,
    "max": 3
  },
  "unitWorth": 1500,
  "weight": 100
}